contig	window	npos	sum_depth
LR134354.1	0	999	105377
LR134354.1	1000	1000	108220
LR134354.1	2000	1000	101137
LR134354.1	3000	1000	98926
LR134354.1	4000	1000	94409
LR134354.1	5000	1000	95867
LR134354.1	6000	1000	90469
LR134354.1	7000	1000	89321
LR134354.1	8000	1000	94397
LR134354.1	9000	1000	97404
LR134354.1	10000	1000	94541
LR134354.1	11000	1000	105540
LR134354.1	12000	1000	109107
LR134354.1	13000	1000	95516
LR134354.1	14000	1000	70099
LR134354.1	15000	1000	0
LR134354.1	16000	1000	0
LR134354.1	17000	1000	0
LR134354.1	18000	1000	0
LR134354.1	19000	1000	18663
LR134354.1	20000	1000	0
LR134354.1	21000	1000	0
LR134354.1	22000	1000	0
LR134354.1	23000	1000	0
LR134354.1	24000	1000	0
LR134354.1	25000	1000	0
LR134354.1	26000	1000	16167
LR134354.1	27000	1000	4542
LR134354.1	28000	1000	85563
LR134354.1	29000	1000	84128
LR134354.1	30000	1000	84718
LR134354.1	31000	1000	81217
LR134354.1	32000	1000	51727
LR134354.1	33000	1000	15795
LR134354.1	34000	1000	33
LR134354.1	35000	1000	57981
LR134354.1	36000	1000	90780
LR134354.1	37000	1000	85493
LR134354.1	38000	1000	86780
LR134354.1	39000	1000	88622
LR134354.1	40000	1000	56061
LR134354.1	41000	1000	2038
LR134354.1	42000	1000	1480
LR134354.1	43000	1000	233
LR134354.1	44000	1000	645
LR134354.1	45000	1000	283
LR134354.1	46000	1000	50
LR134354.1	47000	1000	307
LR134354.1	48000	1000	1101
LR134354.1	49000	1000	102
LR134354.1	50000	1000	1918
LR134354.1	51000	1000	14025
LR134354.1	52000	1000	16311
LR134354.1	53000	1000	52860
LR134354.1	54000	1000	4415
LR134354.1	55000	1000	1820
LR134354.1	56000	1000	42900
LR134354.1	57000	1000	87244
LR134354.1	58000	1000	53731
LR134354.1	59000	1000	4696
LR134354.1	60000	1000	9974
LR134354.1	61000	1000	15030
LR134354.1	62000	1000	19530
LR134354.1	63000	1000	12174
LR134354.1	64000	1000	8523
LR134354.1	65000	1000	93580
LR134354.1	66000	1000	95557
LR134354.1	67000	1000	91288
LR134354.1	68000	1000	95686
LR134354.1	69000	1000	95972
LR134354.1	70000	1000	97112
LR134354.1	71000	1000	96975
LR134354.1	72000	1000	93786
LR134354.1	73000	1000	90720
LR134354.1	74000	1000	101951
LR134354.1	75000	1000	107036
LR134354.1	76000	1000	80446
LR134354.1	77000	1000	103272
LR134354.1	78000	1000	24934
LR134354.1	79000	1000	280
LR134354.1	80000	1000	232
LR134354.1	81000	1000	32097
LR134354.1	82000	1000	92405
LR134354.1	83000	1000	85176
LR134354.1	84000	1000	89065
LR134354.1	85000	1000	97461
LR134354.1	86000	1000	95384
LR134354.1	87000	1000	92061
LR134354.1	88000	1000	94810
LR134354.1	89000	1000	81497
LR134354.1	90000	1000	75457
LR134354.1	91000	1000	70283
LR134354.1	92000	1000	72386
LR134354.1	93000	1000	76164
LR134354.1	94000	1000	93420
LR134354.1	95000	1000	100821
LR134354.1	96000	1000	103259
LR134354.1	97000	1000	102845
LR134354.1	98000	1000	104541
LR134354.1	99000	1000	103195
LR134354.1	100000	1000	104084
LR134354.1	101000	1000	96263
LR134354.1	102000	1000	83817
LR134354.1	103000	1000	67337
LR134354.1	104000	1000	89306
LR134354.1	105000	1000	76201
LR134354.1	106000	1000	83777
LR134354.1	107000	1000	85482
LR134354.1	108000	1000	90621
LR134354.1	109000	1000	95249
LR134354.1	110000	1000	23365
LR134354.1	111000	1000	0
LR134354.1	112000	1000	9584
LR134354.1	113000	1000	40577
LR134354.1	114000	1000	21557
LR134354.1	115000	1000	0
LR134354.1	116000	1000	0
LR134354.1	117000	1000	41482
LR134354.1	118000	1000	92331
LR134354.1	119000	1000	89366
LR134354.1	120000	1000	75646
LR134354.1	121000	1000	62252
LR134354.1	122000	1000	69051
LR134354.1	123000	1000	60887
LR134354.1	124000	1000	8932
LR134354.1	125000	1000	56
LR134354.1	126000	1000	254
LR134354.1	127000	1000	79
LR134354.1	128000	1000	1045
LR134354.1	129000	1000	802
LR134354.1	130000	1000	1111
LR134354.1	131000	1000	490
LR134354.1	132000	1000	488
LR134354.1	133000	1000	1016
LR134354.1	134000	1000	745
LR134354.1	135000	1000	101
LR134354.1	136000	1000	17330
LR134354.1	137000	1000	83530
LR134354.1	138000	1000	86651
LR134354.1	139000	1000	41215
LR134354.1	140000	1000	766
LR134354.1	141000	1000	28144
LR134354.1	142000	1000	54124
LR134354.1	143000	1000	19832
LR134354.1	144000	1000	81511
LR134354.1	145000	1000	74887
LR134354.1	146000	1000	76287
LR134354.1	147000	1000	81493
LR134354.1	148000	1000	38267
LR134354.1	149000	1000	15477
LR134354.1	150000	1000	107016
LR134354.1	151000	1000	111724
LR134354.1	152000	1000	99206
LR134354.1	153000	1000	99187
LR134354.1	154000	1000	113346
LR134354.1	155000	1000	116855
LR134354.1	156000	1000	54481
LR134354.1	157000	1000	2470
LR134354.1	158000	1000	7013
LR134354.1	159000	1000	98073
LR134354.1	160000	1000	88321
LR134354.1	161000	1000	102076
LR134354.1	162000	1000	97801
LR134354.1	163000	1000	82289
LR134354.1	164000	1000	105324
LR134354.1	165000	1000	99682
LR134354.1	166000	1000	15842
LR134354.1	167000	1000	0
LR134354.1	168000	1000	0
LR134354.1	169000	1000	85570
LR134354.1	170000	1000	92814
LR134354.1	171000	1000	94843
LR134354.1	172000	1000	101786
LR134354.1	173000	1000	77995
LR134354.1	174000	1000	1999
LR134354.1	175000	1000	1134
LR134354.1	176000	1000	12107
LR134354.1	177000	1000	95403
LR134354.1	178000	1000	88422
LR134354.1	179000	1000	74738
LR134354.1	180000	1000	87244
LR134354.1	181000	1000	81168
LR134354.1	182000	1000	79137
LR134354.1	183000	1000	84221
LR134354.1	184000	1000	85959
LR134354.1	185000	1000	90423
LR134354.1	186000	1000	81801
LR134354.1	187000	1000	84043
LR134354.1	188000	1000	87943
LR134354.1	189000	1000	93384
LR134354.1	190000	1000	93520
LR134354.1	191000	1000	84485
LR134354.1	192000	1000	74704
LR134354.1	193000	1000	77344
LR134354.1	194000	1000	84437
LR134354.1	195000	1000	76632
LR134354.1	196000	1000	74123
LR134354.1	197000	1000	62085
LR134354.1	198000	1000	24000
LR134354.1	199000	1000	68489
LR134354.1	200000	1000	75923
LR134354.1	201000	1000	95467
LR134354.1	202000	1000	106527
LR134354.1	203000	1000	110479
LR134354.1	204000	1000	102974
LR134354.1	205000	1000	92149
LR134354.1	206000	1000	92963
LR134354.1	207000	1000	90381
LR134354.1	208000	1000	80710
LR134354.1	209000	1000	88748
LR134354.1	210000	1000	2183
LR134354.1	211000	1000	1224
LR134354.1	212000	1000	1147
LR134354.1	213000	1000	74886
LR134354.1	214000	1000	81206
LR134354.1	215000	1000	88294
LR134354.1	216000	1000	93144
LR134354.1	217000	1000	92271
LR134354.1	218000	1000	50511
LR134354.1	219000	1000	255
LR134354.1	220000	1000	64851
LR134354.1	221000	1000	96817
LR134354.1	222000	1000	90404
LR134354.1	223000	1000	92371
LR134354.1	224000	1000	89078
LR134354.1	225000	1000	88274
LR134354.1	226000	1000	86428
LR134354.1	227000	1000	81830
LR134354.1	228000	1000	25661
LR134354.1	229000	1000	5766
LR134354.1	230000	1000	0
LR134354.1	231000	1000	0
LR134354.1	232000	1000	13914
LR134354.1	233000	1000	0
LR134354.1	234000	1000	44032
LR134354.1	235000	1000	93963
LR134354.1	236000	1000	84314
LR134354.1	237000	1000	87767
LR134354.1	238000	1000	89022
LR134354.1	239000	1000	83381
LR134354.1	240000	1000	81953
LR134354.1	241000	1000	77331
LR134354.1	242000	1000	76128
LR134354.1	243000	1000	78811
LR134354.1	244000	1000	84218
LR134354.1	245000	1000	89246
LR134354.1	246000	1000	85718
LR134354.1	247000	1000	84666
LR134354.1	248000	1000	69271
LR134354.1	249000	1000	101970
LR134354.1	250000	1000	101830
LR134354.1	251000	1000	103887
LR134354.1	252000	1000	96722
LR134354.1	253000	1000	89691
LR134354.1	254000	1000	86276
LR134354.1	255000	1000	47366
LR134354.1	256000	1000	1143
LR134354.1	257000	1000	0
LR134354.1	258000	1000	0
LR134354.1	259000	1000	0
LR134354.1	260000	1000	0
LR134354.1	261000	1000	77553
LR134354.1	262000	1000	59524
LR134354.1	263000	1000	76166
LR134354.1	264000	1000	56164
LR134354.1	265000	1000	26867
LR134354.1	266000	1000	79746
LR134354.1	267000	1000	79795
LR134354.1	268000	1000	83169
LR134354.1	269000	1000	88492
LR134354.1	270000	1000	86322
LR134354.1	271000	1000	86346
LR134354.1	272000	1000	83448
LR134354.1	273000	1000	85307
LR134354.1	274000	1000	89304
LR134354.1	275000	1000	101235
LR134354.1	276000	1000	95723
LR134354.1	277000	1000	98905
LR134354.1	278000	1000	89763
LR134354.1	279000	1000	106658
LR134354.1	280000	1000	104348
LR134354.1	281000	1000	101297
LR134354.1	282000	1000	77323
LR134354.1	283000	1000	9697
LR134354.1	284000	1000	6394
LR134354.1	285000	1000	1994
LR134354.1	286000	1000	2900
LR134354.1	287000	1000	2005
LR134354.1	288000	1000	2412
LR134354.1	289000	1000	3740
LR134354.1	290000	1000	4446
LR134354.1	291000	1000	7825
LR134354.1	292000	1000	8630
LR134354.1	293000	1000	21487
LR134354.1	294000	1000	93488
LR134354.1	295000	1000	87682
LR134354.1	296000	1000	84134
LR134354.1	297000	1000	84316
LR134354.1	298000	1000	79709
LR134354.1	299000	1000	97112
LR134354.1	300000	1000	99794
LR134354.1	301000	1000	20792
LR134354.1	302000	1000	197
LR134354.1	303000	1000	78594
LR134354.1	304000	1000	79874
LR134354.1	305000	1000	72790
LR134354.1	306000	1000	79244
LR134354.1	307000	1000	80654
LR134354.1	308000	1000	72426
LR134354.1	309000	1000	77044
LR134354.1	310000	1000	73199
LR134354.1	311000	1000	87168
LR134354.1	312000	1000	91963
LR134354.1	313000	1000	86978
LR134354.1	314000	1000	28437
LR134354.1	315000	1000	0
LR134354.1	316000	1000	0
LR134354.1	317000	1000	0
LR134354.1	318000	1000	0
LR134354.1	319000	1000	7882
LR134354.1	320000	1000	350
LR134354.1	321000	1000	65062
LR134354.1	322000	1000	134079
LR134354.1	323000	1000	78825
LR134354.1	324000	1000	65128
LR134354.1	325000	1000	58271
LR134354.1	326000	1000	71988
LR134354.1	327000	1000	94912
LR134354.1	328000	1000	93139
LR134354.1	329000	1000	94128
LR134354.1	330000	1000	84029
LR134354.1	331000	1000	77592
LR134354.1	332000	1000	76671
LR134354.1	333000	1000	79580
LR134354.1	334000	1000	92310
LR134354.1	335000	1000	95806
LR134354.1	336000	1000	85954
LR134354.1	337000	1000	91431
LR134354.1	338000	1000	97069
LR134354.1	339000	1000	19858
LR134354.1	340000	1000	19
LR134354.1	341000	1000	410
LR134354.1	342000	1000	1074
LR134354.1	343000	1000	1136
LR134354.1	344000	1000	1012
LR134354.1	345000	1000	111
LR134354.1	346000	1000	554
LR134354.1	347000	1000	94
LR134354.1	348000	1000	919
LR134354.1	349000	1000	826
LR134354.1	350000	1000	1045
LR134354.1	351000	1000	9496
LR134354.1	352000	1000	1935
LR134354.1	353000	1000	100068
LR134354.1	354000	1000	109107
LR134354.1	355000	1000	111216
LR134354.1	356000	1000	116141
LR134354.1	357000	1000	108739
LR134354.1	358000	1000	98220
LR134354.1	359000	1000	93554
LR134354.1	360000	1000	94672
LR134354.1	361000	1000	92572
LR134354.1	362000	1000	82927
LR134354.1	363000	1000	76587
LR134354.1	364000	1000	85141
LR134354.1	365000	1000	84612
LR134354.1	366000	1000	86313
LR134354.1	367000	1000	88498
LR134354.1	368000	1000	79306
LR134354.1	369000	1000	89732
LR134354.1	370000	1000	92522
LR134354.1	371000	1000	90119
LR134354.1	372000	1000	95297
LR134354.1	373000	1000	89353
LR134354.1	374000	1000	85933
LR134354.1	375000	1000	86718
LR134354.1	376000	1000	73557
LR134354.1	377000	1000	85726
LR134354.1	378000	1000	75467
LR134354.1	379000	1000	77221
LR134354.1	380000	1000	77120
LR134354.1	381000	1000	81025
LR134354.1	382000	1000	77130
LR134354.1	383000	1000	57878
LR134354.1	384000	1000	46625
LR134354.1	385000	1000	79817
LR134354.1	386000	1000	73605
LR134354.1	387000	1000	31460
LR134354.1	388000	1000	71460
LR134354.1	389000	1000	75415
LR134354.1	390000	1000	77998
LR134354.1	391000	1000	77794
LR134354.1	392000	1000	61638
LR134354.1	393000	1000	66633
LR134354.1	394000	1000	596
LR134354.1	395000	1000	433
LR134354.1	396000	1000	21
LR134354.1	397000	1000	10
LR134354.1	398000	1000	954
LR134354.1	399000	1000	171
LR134354.1	400000	1000	75
LR134354.1	401000	1000	449
LR134354.1	402000	1000	168
LR134354.1	403000	1000	835
LR134354.1	404000	1000	19324
LR134354.1	405000	1000	71387
LR134354.1	406000	1000	64971
LR134354.1	407000	1000	63635
LR134354.1	408000	1000	76263
LR134354.1	409000	1000	78674
LR134354.1	410000	1000	78432
LR134354.1	411000	1000	79067
LR134354.1	412000	1000	78178
LR134354.1	413000	1000	72142
LR134354.1	414000	1000	66857
LR134354.1	415000	1000	68336
LR134354.1	416000	1000	73692
LR134354.1	417000	1000	22982
LR134354.1	418000	1000	13504
LR134354.1	419000	1000	74757
LR134354.1	420000	1000	73841
LR134354.1	421000	1000	81927
LR134354.1	422000	1000	86228
LR134354.1	423000	1000	77929
LR134354.1	424000	1000	78913
LR134354.1	425000	1000	79465
LR134354.1	426000	1000	80634
LR134354.1	427000	1000	80321
LR134354.1	428000	1000	69382
LR134354.1	429000	1000	15
LR134354.1	430000	1000	38
LR134354.1	431000	1000	32951
LR134354.1	432000	1000	77209
LR134354.1	433000	1000	47520
LR134354.1	434000	1000	1019
LR134354.1	435000	1000	186
LR134354.1	436000	1000	54
LR134354.1	437000	1000	244
LR134354.1	438000	1000	0
LR134354.1	439000	1000	360
LR134354.1	440000	1000	2673
LR134354.1	441000	1000	138
LR134354.1	442000	1000	50596
LR134354.1	443000	1000	83613
LR134354.1	444000	1000	197
LR134354.1	445000	1000	1108
LR134354.1	446000	1000	120
LR134354.1	447000	1000	1277
LR134354.1	448000	1000	445
LR134354.1	449000	1000	4858
LR134354.1	450000	1000	87458
LR134354.1	451000	1000	83144
LR134354.1	452000	1000	83947
LR134354.1	453000	1000	80444
LR134354.1	454000	1000	71614
LR134354.1	455000	1000	74216
LR134354.1	456000	1000	77358
LR134354.1	457000	1000	74953
LR134354.1	458000	1000	78148
LR134354.1	459000	1000	79856
LR134354.1	460000	1000	85948
LR134354.1	461000	1000	84552
LR134354.1	462000	1000	91190
LR134354.1	463000	1000	87325
LR134354.1	464000	1000	79174
LR134354.1	465000	1000	85207
LR134354.1	466000	1000	82967
LR134354.1	467000	1000	80904
LR134354.1	468000	1000	75969
LR134354.1	469000	1000	76495
LR134354.1	470000	1000	76185
LR134354.1	471000	1000	78356
LR134354.1	472000	1000	85458
LR134354.1	473000	1000	85712
LR134354.1	474000	1000	91652
LR134354.1	475000	1000	92883
LR134354.1	476000	1000	90642
LR134354.1	477000	1000	85439
LR134354.1	478000	1000	85753
LR134354.1	479000	1000	83942
LR134354.1	480000	1000	77362
LR134354.1	481000	1000	49424
LR134354.1	482000	1000	318
LR134354.1	483000	1000	186
LR134354.1	484000	1000	419
LR134354.1	485000	1000	43455
LR134354.1	486000	1000	77658
LR134354.1	487000	1000	75482
LR134354.1	488000	1000	80574
LR134354.1	489000	1000	44302
LR134354.1	490000	1000	0
LR134354.1	491000	1000	0
LR134354.1	492000	1000	6571
LR134354.1	493000	1000	84089
LR134354.1	494000	1000	87999
LR134354.1	495000	1000	68030
LR134354.1	496000	1000	12208
LR134354.1	497000	1000	55
LR134354.1	498000	1000	0
LR134354.1	499000	1000	22630
LR134354.1	500000	1000	0
LR134354.1	501000	1000	0
LR134354.1	502000	1000	0
LR134354.1	503000	1000	0
LR134354.1	504000	1000	0
LR134354.1	505000	1000	1443
LR134354.1	506000	1000	39674
LR134354.1	507000	1000	73002
LR134354.1	508000	1000	60194
LR134354.1	509000	1000	83964
LR134354.1	510000	1000	86526
LR134354.1	511000	1000	70164
LR134354.1	512000	1000	73679
LR134354.1	513000	1000	71089
LR134354.1	514000	1000	67689
LR134354.1	515000	1000	3237
LR134354.1	516000	1000	0
LR134354.1	517000	1000	0
LR134354.1	518000	1000	0
LR134354.1	519000	1000	8685
LR134354.1	520000	1000	0
LR134354.1	521000	1000	0
LR134354.1	522000	1000	0
LR134354.1	523000	1000	0
LR134354.1	524000	1000	0
LR134354.1	525000	1000	0
LR134354.1	526000	1000	0
LR134354.1	527000	1000	0
LR134354.1	528000	1000	0
LR134354.1	529000	1000	0
LR134354.1	530000	1000	27560
LR134354.1	531000	1000	0
LR134354.1	532000	1000	0
LR134354.1	533000	1000	0
LR134354.1	534000	1000	0
LR134354.1	535000	1000	0
LR134354.1	536000	1000	0
LR134354.1	537000	1000	0
LR134354.1	538000	1000	0
LR134354.1	539000	1000	0
LR134354.1	540000	1000	0
LR134354.1	541000	1000	0
LR134354.1	542000	1000	0
LR134354.1	543000	1000	0
LR134354.1	544000	1000	0
LR134354.1	545000	1000	0
LR134354.1	546000	1000	0
LR134354.1	547000	1000	0
LR134354.1	548000	1000	0
LR134354.1	549000	1000	0
LR134354.1	550000	1000	0
LR134354.1	551000	1000	0
LR134354.1	552000	1000	0
LR134354.1	553000	1000	0
LR134354.1	554000	1000	0
LR134354.1	555000	1000	0
LR134354.1	556000	1000	0
LR134354.1	557000	1000	4979
LR134354.1	558000	1000	0
LR134354.1	559000	1000	0
LR134354.1	560000	1000	0
LR134354.1	561000	1000	0
LR134354.1	562000	1000	0
LR134354.1	563000	1000	0
LR134354.1	564000	1000	0
LR134354.1	565000	1000	0
LR134354.1	566000	1000	0
LR134354.1	567000	1000	0
LR134354.1	568000	1000	1443
LR134354.1	569000	1000	151
LR134354.1	570000	1000	0
LR134354.1	571000	1000	0
LR134354.1	572000	1000	0
LR134354.1	573000	1000	0
LR134354.1	574000	1000	0
LR134354.1	575000	1000	0
LR134354.1	576000	1000	0
LR134354.1	577000	1000	0
LR134354.1	578000	1000	0
LR134354.1	579000	1000	0
LR134354.1	580000	1000	0
LR134354.1	581000	1000	0
LR134354.1	582000	1000	0
LR134354.1	583000	1000	0
LR134354.1	584000	1000	0
LR134354.1	585000	1000	0
LR134354.1	586000	1000	0
LR134354.1	587000	1000	0
LR134354.1	588000	1000	0
LR134354.1	589000	1000	0
LR134354.1	590000	1000	0
LR134354.1	591000	1000	3039
LR134354.1	592000	1000	40170
LR134354.1	593000	1000	41867
LR134354.1	594000	1000	13622
LR134354.1	595000	1000	0
LR134354.1	596000	1000	0
LR134354.1	597000	1000	0
LR134354.1	598000	1000	0
LR134354.1	599000	1000	0
LR134354.1	600000	1000	0
LR134354.1	601000	1000	0
LR134354.1	602000	1000	0
LR134354.1	603000	1000	53239
LR134354.1	604000	1000	80490
LR134354.1	605000	1000	84039
LR134354.1	606000	1000	81272
LR134354.1	607000	1000	78573
LR134354.1	608000	1000	74798
LR134354.1	609000	1000	79436
LR134354.1	610000	1000	78998
LR134354.1	611000	1000	81686
LR134354.1	612000	1000	68859
LR134354.1	613000	1000	82479
LR134354.1	614000	1000	88618
LR134354.1	615000	1000	82391
LR134354.1	616000	1000	80153
LR134354.1	617000	1000	87953
LR134354.1	618000	1000	86336
LR134354.1	619000	1000	84650
LR134354.1	620000	1000	83695
LR134354.1	621000	1000	85259
LR134354.1	622000	1000	84056
LR134354.1	623000	1000	87169
LR134354.1	624000	1000	91391
LR134354.1	625000	1000	77905
LR134354.1	626000	1000	90412
LR134354.1	627000	1000	86987
LR134354.1	628000	1000	37709
LR134354.1	629000	1000	0
LR134354.1	630000	1000	0
LR134354.1	631000	1000	0
LR134354.1	632000	1000	0
LR134354.1	633000	1000	0
LR134354.1	634000	1000	0
LR134354.1	635000	1000	0
LR134354.1	636000	1000	0
LR134354.1	637000	1000	0
LR134354.1	638000	1000	0
LR134354.1	639000	1000	0
LR134354.1	640000	1000	0
LR134354.1	641000	1000	23570
LR134354.1	642000	1000	58889
LR134354.1	643000	1000	77258
LR134354.1	644000	1000	70783
LR134354.1	645000	1000	71980
LR134354.1	646000	1000	73943
LR134354.1	647000	1000	73167
LR134354.1	648000	1000	76369
LR134354.1	649000	1000	72514
LR134354.1	650000	1000	72256
LR134354.1	651000	1000	72262
LR134354.1	652000	1000	75578
LR134354.1	653000	1000	75520
LR134354.1	654000	1000	77977
LR134354.1	655000	1000	79380
LR134354.1	656000	1000	71968
LR134354.1	657000	1000	72443
LR134354.1	658000	1000	76054
LR134354.1	659000	1000	72776
LR134354.1	660000	1000	70870
LR134354.1	661000	1000	73404
LR134354.1	662000	1000	74029
LR134354.1	663000	1000	52481
LR134354.1	664000	1000	66821
LR134354.1	665000	1000	75156
LR134354.1	666000	1000	76993
LR134354.1	667000	1000	74475
LR134354.1	668000	1000	80760
LR134354.1	669000	1000	82381
LR134354.1	670000	1000	78336
LR134354.1	671000	1000	67768
LR134354.1	672000	1000	70950
LR134354.1	673000	1000	56915
LR134354.1	674000	1000	62424
LR134354.1	675000	1000	73342
LR134354.1	676000	1000	75275
LR134354.1	677000	1000	74459
LR134354.1	678000	1000	78796
LR134354.1	679000	1000	67508
LR134354.1	680000	1000	57031
LR134354.1	681000	1000	8990
LR134354.1	682000	1000	62214
LR134354.1	683000	1000	63940
LR134354.1	684000	1000	62315
LR134354.1	685000	1000	58573
LR134354.1	686000	1000	71526
LR134354.1	687000	1000	73699
LR134354.1	688000	1000	77218
LR134354.1	689000	1000	79625
LR134354.1	690000	1000	45639
LR134354.1	691000	1000	9826
LR134354.1	692000	1000	84524
LR134354.1	693000	1000	86074
LR134354.1	694000	1000	79870
LR134354.1	695000	1000	84306
LR134354.1	696000	1000	85395
LR134354.1	697000	1000	89858
LR134354.1	698000	1000	89089
LR134354.1	699000	1000	95117
LR134354.1	700000	1000	99122
LR134354.1	701000	1000	96195
LR134354.1	702000	1000	70435
LR134354.1	703000	1000	0
LR134354.1	704000	1000	12768
LR134354.1	705000	1000	93284
LR134354.1	706000	1000	73861
LR134354.1	707000	1000	71504
LR134354.1	708000	1000	74974
LR134354.1	709000	1000	20966
LR134354.1	710000	1000	16649
LR134354.1	711000	1000	49147
LR134354.1	712000	1000	106517
LR134354.1	713000	1000	131290
LR134354.1	714000	1000	40736
LR134354.1	715000	1000	0
LR134354.1	716000	1000	0
LR134354.1	717000	1000	232
LR134354.1	718000	1000	149
LR134354.1	719000	1000	62
LR134354.1	720000	1000	0
LR134354.1	721000	1000	22
LR134354.1	722000	1000	65
LR134354.1	723000	1000	0
LR134354.1	724000	1000	0
LR134354.1	725000	1000	0
LR134354.1	726000	1000	0
LR134354.1	727000	1000	0
LR134354.1	728000	1000	37109
LR134354.1	729000	1000	74887
LR134354.1	730000	1000	73742
LR134354.1	731000	1000	77316
LR134354.1	732000	1000	78749
LR134354.1	733000	1000	33712
LR134354.1	734000	1000	0
LR134354.1	735000	1000	0
LR134354.1	736000	1000	0
LR134354.1	737000	1000	11070
LR134354.1	738000	1000	46399
LR134354.1	739000	1000	0
LR134354.1	740000	1000	0
LR134354.1	741000	1000	0
LR134354.1	742000	1000	0
LR134354.1	743000	1000	0
LR134354.1	744000	1000	0
LR134354.1	745000	1000	0
LR134354.1	746000	1000	0
LR134354.1	747000	1000	0
LR134354.1	748000	1000	0
LR134354.1	749000	1000	0
LR134354.1	750000	1000	0
LR134354.1	751000	1000	0
LR134354.1	752000	1000	63460
LR134354.1	753000	1000	70326
LR134354.1	754000	1000	64904
LR134354.1	755000	1000	68824
LR134354.1	756000	1000	76029
LR134354.1	757000	1000	15083
LR134354.1	758000	1000	0
LR134354.1	759000	1000	0
LR134354.1	760000	1000	0
LR134354.1	761000	1000	67254
LR134354.1	762000	1000	50727
LR134354.1	763000	1000	0
LR134354.1	764000	1000	0
LR134354.1	765000	1000	0
LR134354.1	766000	1000	0
LR134354.1	767000	1000	0
LR134354.1	768000	1000	0
LR134354.1	769000	1000	0
LR134354.1	770000	1000	0
LR134354.1	771000	1000	0
LR134354.1	772000	1000	0
LR134354.1	773000	1000	0
LR134354.1	774000	1000	0
LR134354.1	775000	1000	83712
LR134354.1	776000	1000	37719
LR134354.1	777000	1000	0
LR134354.1	778000	1000	0
LR134354.1	779000	1000	0
LR134354.1	780000	1000	16937
LR134354.1	781000	1000	61580
LR134354.1	782000	1000	62822
LR134354.1	783000	1000	66155
LR134354.1	784000	1000	68149
LR134354.1	785000	1000	73828
LR134354.1	786000	1000	72526
LR134354.1	787000	1000	70619
LR134354.1	788000	1000	66789
LR134354.1	789000	1000	69241
LR134354.1	790000	1000	74300
LR134354.1	791000	1000	71916
LR134354.1	792000	1000	74611
LR134354.1	793000	1000	73363
LR134354.1	794000	1000	75578
LR134354.1	795000	1000	73248
LR134354.1	796000	1000	54996
LR134354.1	797000	1000	42195
LR134354.1	798000	1000	47389
LR134354.1	799000	1000	43813
LR134354.1	800000	1000	47976
LR134354.1	801000	1000	45587
LR134354.1	802000	1000	44582
LR134354.1	803000	1000	38503
LR134354.1	804000	1000	43234
LR134354.1	805000	1000	45407
LR134354.1	806000	1000	48166
LR134354.1	807000	1000	65828
LR134354.1	808000	1000	78765
LR134354.1	809000	1000	78520
LR134354.1	810000	1000	77464
LR134354.1	811000	1000	71976
LR134354.1	812000	1000	72516
LR134354.1	813000	1000	72042
LR134354.1	814000	1000	73734
LR134354.1	815000	1000	73369
LR134354.1	816000	1000	57556
LR134354.1	817000	1000	58990
LR134354.1	818000	1000	62002
LR134354.1	819000	1000	65251
LR134354.1	820000	1000	65885
LR134354.1	821000	1000	58677
LR134354.1	822000	1000	67364
LR134354.1	823000	1000	65487
LR134354.1	824000	1000	65623
LR134354.1	825000	1000	73520
LR134354.1	826000	1000	73896
LR134354.1	827000	1000	72587
LR134354.1	828000	1000	75074
LR134354.1	829000	1000	68402
LR134354.1	830000	1000	68486
LR134354.1	831000	1000	71046
LR134354.1	832000	1000	71715
LR134354.1	833000	1000	73402
LR134354.1	834000	1000	81983
LR134354.1	835000	1000	81060
LR134354.1	836000	1000	61779
LR134354.1	837000	1000	64663
LR134354.1	838000	1000	62682
LR134354.1	839000	1000	59248
LR134354.1	840000	1000	69119
LR134354.1	841000	1000	77013
LR134354.1	842000	1000	74818
LR134354.1	843000	1000	72292
LR134354.1	844000	1000	67844
LR134354.1	845000	1000	63693
LR134354.1	846000	1000	58581
LR134354.1	847000	1000	56272
LR134354.1	848000	1000	48329
LR134354.1	849000	1000	39341
LR134354.1	850000	1000	50541
LR134354.1	851000	1000	48981
LR134354.1	852000	1000	58622
LR134354.1	853000	1000	55931
LR134354.1	854000	1000	58933
LR134354.1	855000	1000	61874
LR134354.1	856000	1000	60597
LR134354.1	857000	1000	64144
LR134354.1	858000	1000	73347
LR134354.1	859000	1000	74254
LR134354.1	860000	1000	58785
LR134354.1	861000	1000	43458
LR134354.1	862000	1000	76065
LR134354.1	863000	1000	70033
LR134354.1	864000	1000	69272
LR134354.1	865000	1000	68314
LR134354.1	866000	1000	67043
LR134354.1	867000	1000	66406
LR134354.1	868000	1000	68353
LR134354.1	869000	1000	61411
LR134354.1	870000	1000	7115
LR134354.1	871000	1000	0
LR134354.1	872000	1000	0
LR134354.1	873000	1000	0
LR134354.1	874000	1000	0
LR134354.1	875000	1000	0
LR134354.1	876000	1000	0
LR134354.1	877000	1000	0
LR134354.1	878000	1000	0
LR134354.1	879000	1000	0
LR134354.1	880000	1000	0
LR134354.1	881000	1000	0
LR134354.1	882000	1000	0
LR134354.1	883000	1000	0
LR134354.1	884000	1000	30296
LR134354.1	885000	1000	4350
LR134354.1	886000	1000	0
LR134354.1	887000	1000	0
LR134354.1	888000	1000	21462
LR134354.1	889000	1000	67993
LR134354.1	890000	1000	73435
LR134354.1	891000	1000	75869
LR134354.1	892000	1000	72357
LR134354.1	893000	1000	72646
LR134354.1	894000	1000	76028
LR134354.1	895000	1000	66751
LR134354.1	896000	1000	71560
LR134354.1	897000	1000	66271
LR134354.1	898000	1000	60408
LR134354.1	899000	1000	58944
LR134354.1	900000	1000	56838
LR134354.1	901000	1000	58888
LR134354.1	902000	1000	58989
LR134354.1	903000	1000	60188
LR134354.1	904000	1000	68549
LR134354.1	905000	1000	69275
LR134354.1	906000	1000	64707
LR134354.1	907000	1000	64948
LR134354.1	908000	1000	61841
LR134354.1	909000	1000	72656
LR134354.1	910000	1000	72378
LR134354.1	911000	1000	61684
LR134354.1	912000	1000	61188
LR134354.1	913000	1000	54364
LR134354.1	914000	1000	66868
LR134354.1	915000	1000	71331
LR134354.1	916000	1000	69502
LR134354.1	917000	1000	72827
LR134354.1	918000	1000	42043
LR134354.1	919000	1000	78170
LR134354.1	920000	1000	62485
LR134354.1	921000	1000	19852
LR134354.1	922000	1000	90249
LR134354.1	923000	1000	89661
LR134354.1	924000	1000	82930
LR134354.1	925000	1000	74743
LR134354.1	926000	1000	72392
LR134354.1	927000	1000	72109
LR134354.1	928000	1000	69680
LR134354.1	929000	1000	73814
LR134354.1	930000	1000	71240
LR134354.1	931000	1000	62576
LR134354.1	932000	1000	66768
LR134354.1	933000	1000	71959
LR134354.1	934000	1000	71722
LR134354.1	935000	1000	49524
LR134354.1	936000	1000	43
LR134354.1	937000	1000	0
LR134354.1	938000	1000	0
LR134354.1	939000	1000	0
LR134354.1	940000	1000	118
LR134354.1	941000	1000	890
LR134354.1	942000	1000	0
LR134354.1	943000	1000	0
LR134354.1	944000	1000	102
LR134354.1	945000	1000	20
LR134354.1	946000	1000	49
LR134354.1	947000	1000	0
LR134354.1	948000	1000	1738
LR134354.1	949000	1000	1232
LR134354.1	950000	1000	535
LR134354.1	951000	1000	379
LR134354.1	952000	1000	612
LR134354.1	953000	1000	177900
LR134354.1	954000	1000	86910
LR134354.1	955000	1000	80968
LR134354.1	956000	1000	75921
LR134354.1	957000	1000	71657
LR134354.1	958000	1000	68559
LR134354.1	959000	1000	73625
LR134354.1	960000	1000	65799
LR134354.1	961000	1000	69772
LR134354.1	962000	1000	66209
LR134354.1	963000	1000	59368
LR134354.1	964000	1000	59138
LR134354.1	965000	1000	57657
LR134354.1	966000	1000	60108
LR134354.1	967000	1000	60565
LR134354.1	968000	1000	77508
LR134354.1	969000	1000	77233
LR134354.1	970000	1000	74365
LR134354.1	971000	1000	70231
LR134354.1	972000	1000	75554
LR134354.1	973000	1000	79167
LR134354.1	974000	1000	78416
LR134354.1	975000	1000	64594
LR134354.1	976000	1000	48109
LR134354.1	977000	1000	17128
LR134354.1	978000	1000	840
LR134354.1	979000	1000	0
LR134354.1	980000	1000	24
LR134354.1	981000	1000	0
LR134354.1	982000	1000	698
LR134354.1	983000	1000	22253
LR134354.1	984000	1000	58259
LR134354.1	985000	1000	69634
LR134354.1	986000	1000	66423
LR134354.1	987000	1000	63868
LR134354.1	988000	1000	61790
LR134354.1	989000	1000	59620
LR134354.1	990000	1000	61146
LR134354.1	991000	1000	66687
LR134354.1	992000	1000	64452
LR134354.1	993000	1000	64588
LR134354.1	994000	1000	68488
LR134354.1	995000	1000	68965
LR134354.1	996000	1000	65693
LR134354.1	997000	1000	59304
LR134354.1	998000	1000	59882
LR134354.1	999000	1000	59382
LR134354.1	1000000	1000	60115
LR134354.1	1001000	1000	58282
LR134354.1	1002000	1000	62248
LR134354.1	1003000	1000	59292
LR134354.1	1004000	1000	55838
LR134354.1	1005000	1000	64446
LR134354.1	1006000	1000	63866
LR134354.1	1007000	1000	68969
LR134354.1	1008000	1000	72045
LR134354.1	1009000	1000	76489
LR134354.1	1010000	1000	72014
LR134354.1	1011000	1000	63765
LR134354.1	1012000	1000	55884
LR134354.1	1013000	1000	38661
LR134354.1	1014000	1000	8610
LR134354.1	1015000	1000	2293
LR134354.1	1016000	1000	2910
LR134354.1	1017000	1000	34156
LR134354.1	1018000	1000	50831
LR134354.1	1019000	1000	58008
LR134354.1	1020000	1000	99593
LR134354.1	1021000	1000	51368
LR134354.1	1022000	1000	53698
LR134354.1	1023000	1000	55087
LR134354.1	1024000	1000	50150
LR134354.1	1025000	1000	30464
LR134354.1	1026000	1000	49622
LR134354.1	1027000	1000	42749
LR134354.1	1028000	1000	46177
LR134354.1	1029000	1000	49349
LR134354.1	1030000	1000	55814
LR134354.1	1031000	1000	30245
LR134354.1	1032000	1000	1978
LR134354.1	1033000	1000	62392
LR134354.1	1034000	1000	65445
LR134354.1	1035000	1000	56745
LR134354.1	1036000	1000	51103
LR134354.1	1037000	1000	52549
LR134354.1	1038000	1000	52261
LR134354.1	1039000	1000	46664
LR134354.1	1040000	1000	50433
LR134354.1	1041000	1000	44606
LR134354.1	1042000	1000	47249
LR134354.1	1043000	1000	0
LR134354.1	1044000	1000	0
LR134354.1	1045000	1000	0
LR134354.1	1046000	1000	0
LR134354.1	1047000	1000	64714
LR134354.1	1048000	1000	71513
LR134354.1	1049000	1000	68301
LR134354.1	1050000	1000	67785
LR134354.1	1051000	1000	59490
LR134354.1	1052000	1000	62254
LR134354.1	1053000	1000	67230
LR134354.1	1054000	1000	71082
LR134354.1	1055000	1000	70620
LR134354.1	1056000	1000	67040
LR134354.1	1057000	1000	65357
LR134354.1	1058000	1000	62516
LR134354.1	1059000	1000	61592
LR134354.1	1060000	1000	62553
LR134354.1	1061000	1000	64747
LR134354.1	1062000	1000	64280
LR134354.1	1063000	1000	63485
LR134354.1	1064000	1000	69725
LR134354.1	1065000	1000	79046
LR134354.1	1066000	1000	84668
LR134354.1	1067000	1000	81268
LR134354.1	1068000	1000	68015
LR134354.1	1069000	1000	60889
LR134354.1	1070000	1000	71131
LR134354.1	1071000	1000	64793
LR134354.1	1072000	1000	64924
LR134354.1	1073000	1000	66298
LR134354.1	1074000	1000	71771
LR134354.1	1075000	1000	78252
LR134354.1	1076000	1000	79919
LR134354.1	1077000	1000	74959
LR134354.1	1078000	1000	69348
LR134354.1	1079000	1000	70794
LR134354.1	1080000	1000	56036
LR134354.1	1081000	1000	0
LR134354.1	1082000	1000	1072
LR134354.1	1083000	1000	66299
LR134354.1	1084000	1000	69138
LR134354.1	1085000	1000	68561
LR134354.1	1086000	1000	66152
LR134354.1	1087000	1000	69952
LR134354.1	1088000	1000	65384
LR134354.1	1089000	1000	73458
LR134354.1	1090000	1000	72640
LR134354.1	1091000	1000	70093
LR134354.1	1092000	1000	70069
LR134354.1	1093000	1000	41332
LR134354.1	1094000	1000	54695
LR134354.1	1095000	1000	60766
LR134354.1	1096000	1000	61966
LR134354.1	1097000	1000	60763
LR134354.1	1098000	1000	53976
LR134354.1	1099000	1000	51213
LR134354.1	1100000	1000	57640
LR134354.1	1101000	1000	54437
LR134354.1	1102000	1000	54978
LR134354.1	1103000	1000	52927
LR134354.1	1104000	1000	51020
LR134354.1	1105000	1000	56136
LR134354.1	1106000	1000	52113
LR134354.1	1107000	1000	47488
LR134354.1	1108000	1000	42101
LR134354.1	1109000	1000	44057
LR134354.1	1110000	1000	45828
LR134354.1	1111000	1000	50308
LR134354.1	1112000	1000	51210
LR134354.1	1113000	1000	54166
LR134354.1	1114000	1000	58361
LR134354.1	1115000	1000	59172
LR134354.1	1116000	1000	57596
LR134354.1	1117000	1000	57700
LR134354.1	1118000	1000	59007
LR134354.1	1119000	1000	60148
LR134354.1	1120000	1000	57448
LR134354.1	1121000	1000	62003
LR134354.1	1122000	1000	66335
LR134354.1	1123000	1000	68057
LR134354.1	1124000	1000	66139
LR134354.1	1125000	1000	58351
LR134354.1	1126000	1000	13912
LR134354.1	1127000	1000	30415
LR134354.1	1128000	1000	39426
LR134354.1	1129000	1000	45940
LR134354.1	1130000	1000	46669
LR134354.1	1131000	1000	51352
LR134354.1	1132000	1000	45532
LR134354.1	1133000	1000	45600
LR134354.1	1134000	1000	42425
LR134354.1	1135000	1000	43075
LR134354.1	1136000	1000	43093
LR134354.1	1137000	1000	50651
LR134354.1	1138000	1000	50116
LR134354.1	1139000	1000	46812
LR134354.1	1140000	1000	47468
LR134354.1	1141000	1000	52330
LR134354.1	1142000	1000	54460
LR134354.1	1143000	1000	48050
LR134354.1	1144000	1000	50253
LR134354.1	1145000	1000	44734
LR134354.1	1146000	1000	42276
LR134354.1	1147000	1000	43097
LR134354.1	1148000	1000	44051
LR134354.1	1149000	1000	45743
LR134354.1	1150000	1000	52985
LR134354.1	1151000	1000	55139
LR134354.1	1152000	1000	53822
LR134354.1	1153000	1000	60301
LR134354.1	1154000	1000	59246
LR134354.1	1155000	1000	32357
LR134354.1	1156000	1000	0
LR134354.1	1157000	1000	1027
LR134354.1	1158000	1000	13738
LR134354.1	1159000	1000	44696
LR134354.1	1160000	1000	74209
LR134354.1	1161000	1000	8463
LR134354.1	1162000	1000	0
LR134354.1	1163000	1000	0
LR134354.1	1164000	1000	0
LR134354.1	1165000	1000	0
LR134354.1	1166000	1000	0
LR134354.1	1167000	1000	0
LR134354.1	1168000	1000	0
LR134354.1	1169000	1000	0
LR134354.1	1170000	1000	0
LR134354.1	1171000	1000	0
LR134354.1	1172000	1000	0
LR134354.1	1173000	1000	0
LR134354.1	1174000	1000	0
LR134354.1	1175000	1000	26765
LR134354.1	1176000	1000	0
LR134354.1	1177000	1000	37316
LR134354.1	1178000	1000	139785
LR134354.1	1179000	1000	3937
LR134354.1	1180000	1000	0
LR134354.1	1181000	1000	0
LR134354.1	1182000	1000	0
LR134354.1	1183000	1000	6333
LR134354.1	1184000	1000	6592
LR134354.1	1185000	1000	0
LR134354.1	1186000	1000	0
LR134354.1	1187000	1000	0
LR134354.1	1188000	1000	0
LR134354.1	1189000	1000	0
LR134354.1	1190000	1000	50715
LR134354.1	1191000	1000	62780
LR134354.1	1192000	1000	55240
LR134354.1	1193000	1000	54254
LR134354.1	1194000	1000	58346
LR134354.1	1195000	1000	62510
LR134354.1	1196000	1000	63387
LR134354.1	1197000	1000	54303
LR134354.1	1198000	1000	49762
LR134354.1	1199000	1000	51611
LR134354.1	1200000	1000	55678
LR134354.1	1201000	1000	52920
LR134354.1	1202000	1000	47379
LR134354.1	1203000	1000	51486
LR134354.1	1204000	1000	39701
LR134354.1	1205000	1000	44622
LR134354.1	1206000	1000	47086
LR134354.1	1207000	1000	11996
LR134354.1	1208000	1000	0
LR134354.1	1209000	1000	0
LR134354.1	1210000	1000	0
LR134354.1	1211000	1000	0
LR134354.1	1212000	1000	0
LR134354.1	1213000	1000	0
LR134354.1	1214000	1000	0
LR134354.1	1215000	1000	0
LR134354.1	1216000	1000	0
LR134354.1	1217000	1000	0
LR134354.1	1218000	1000	4609
LR134354.1	1219000	1000	24346
LR134354.1	1220000	1000	15365
LR134354.1	1221000	1000	0
LR134354.1	1222000	1000	0
LR134354.1	1223000	1000	45719
LR134354.1	1224000	1000	0
LR134354.1	1225000	1000	0
LR134354.1	1226000	1000	0
LR134354.1	1227000	1000	0
LR134354.1	1228000	1000	0
LR134354.1	1229000	1000	0
LR134354.1	1230000	1000	49053
LR134354.1	1231000	1000	68465
LR134354.1	1232000	1000	72301
LR134354.1	1233000	1000	66489
LR134354.1	1234000	1000	60751
LR134354.1	1235000	1000	57921
LR134354.1	1236000	1000	57454
LR134354.1	1237000	1000	60309
LR134354.1	1238000	1000	60917
LR134354.1	1239000	1000	70700
LR134354.1	1240000	1000	67195
LR134354.1	1241000	1000	61986
LR134354.1	1242000	1000	59214
LR134354.1	1243000	1000	64748
LR134354.1	1244000	1000	63661
LR134354.1	1245000	1000	63467
LR134354.1	1246000	1000	63410
LR134354.1	1247000	1000	61353
LR134354.1	1248000	1000	63368
LR134354.1	1249000	1000	0
LR134354.1	1250000	1000	2386
LR134354.1	1251000	1000	37345
LR134354.1	1252000	1000	51640
LR134354.1	1253000	1000	33180
LR134354.1	1254000	1000	1238
LR134354.1	1255000	1000	32525
LR134354.1	1256000	1000	23614
LR134354.1	1257000	1000	10926
LR134354.1	1258000	1000	29118
LR134354.1	1259000	1000	44755
LR134354.1	1260000	1000	55908
LR134354.1	1261000	1000	56377
LR134354.1	1262000	1000	59792
LR134354.1	1263000	1000	57607
LR134354.1	1264000	1000	53306
LR134354.1	1265000	1000	53581
LR134354.1	1266000	1000	51678
LR134354.1	1267000	1000	56419
LR134354.1	1268000	1000	56818
LR134354.1	1269000	1000	57604
LR134354.1	1270000	1000	57771
LR134354.1	1271000	1000	59918
LR134354.1	1272000	1000	58811
LR134354.1	1273000	1000	60275
LR134354.1	1274000	1000	58747
LR134354.1	1275000	1000	57766
LR134354.1	1276000	1000	52530
LR134354.1	1277000	1000	54707
LR134354.1	1278000	1000	52688
LR134354.1	1279000	1000	11822
LR134354.1	1280000	1000	20472
LR134354.1	1281000	1000	60482
LR134354.1	1282000	1000	56866
LR134354.1	1283000	1000	51768
LR134354.1	1284000	1000	56500
LR134354.1	1285000	1000	50227
LR134354.1	1286000	1000	48582
LR134354.1	1287000	1000	48055
LR134354.1	1288000	1000	16164
LR134354.1	1289000	1000	0
LR134354.1	1290000	1000	0
LR134354.1	1291000	1000	0
LR134354.1	1292000	1000	160
LR134354.1	1293000	1000	0
LR134354.1	1294000	1000	0
LR134354.1	1295000	1000	0
LR134354.1	1296000	1000	0
LR134354.1	1297000	1000	0
LR134354.1	1298000	1000	0
LR134354.1	1299000	1000	0
LR134354.1	1300000	1000	0
LR134354.1	1301000	1000	0
LR134354.1	1302000	1000	0
LR134354.1	1303000	1000	0
LR134354.1	1304000	1000	0
LR134354.1	1305000	1000	0
LR134354.1	1306000	1000	0
LR134354.1	1307000	1000	0
LR134354.1	1308000	1000	0
LR134354.1	1309000	1000	0
LR134354.1	1310000	1000	0
LR134354.1	1311000	1000	0
LR134354.1	1312000	1000	0
LR134354.1	1313000	1000	0
LR134354.1	1314000	1000	0
LR134354.1	1315000	1000	0
LR134354.1	1316000	1000	0
LR134354.1	1317000	1000	0
LR134354.1	1318000	1000	0
LR134354.1	1319000	1000	0
LR134354.1	1320000	1000	0
LR134354.1	1321000	1000	0
LR134354.1	1322000	1000	0
LR134354.1	1323000	1000	0
LR134354.1	1324000	1000	0
LR134354.1	1325000	1000	0
LR134354.1	1326000	1000	0
LR134354.1	1327000	1000	0
LR134354.1	1328000	1000	0
LR134354.1	1329000	1000	0
LR134354.1	1330000	1000	5998
LR134354.1	1331000	1000	52298
LR134354.1	1332000	1000	50721
LR134354.1	1333000	1000	61191
LR134354.1	1334000	1000	60992
LR134354.1	1335000	1000	61054
LR134354.1	1336000	1000	63108
LR134354.1	1337000	1000	62234
LR134354.1	1338000	1000	69456
LR134354.1	1339000	1000	71263
LR134354.1	1340000	1000	69470
LR134354.1	1341000	1000	71377
LR134354.1	1342000	1000	67880
LR134354.1	1343000	1000	70173
LR134354.1	1344000	1000	66882
LR134354.1	1345000	1000	67309
LR134354.1	1346000	1000	68184
LR134354.1	1347000	1000	70376
LR134354.1	1348000	1000	65051
LR134354.1	1349000	1000	61708
LR134354.1	1350000	1000	65116
LR134354.1	1351000	1000	36474
LR134354.1	1352000	1000	5730
LR134354.1	1353000	1000	59676
LR134354.1	1354000	1000	58482
LR134354.1	1355000	1000	61408
LR134354.1	1356000	1000	70484
LR134354.1	1357000	1000	69860
LR134354.1	1358000	1000	70686
LR134354.1	1359000	1000	68361
LR134354.1	1360000	1000	53120
LR134354.1	1361000	1000	0
LR134354.1	1362000	1000	0
LR134354.1	1363000	1000	0
LR134354.1	1364000	1000	0
LR134354.1	1365000	1000	0
LR134354.1	1366000	1000	0
LR134354.1	1367000	1000	0
LR134354.1	1368000	1000	0
LR134354.1	1369000	1000	0
LR134354.1	1370000	1000	0
LR134354.1	1371000	1000	0
LR134354.1	1372000	1000	0
LR134354.1	1373000	1000	0
LR134354.1	1374000	1000	0
LR134354.1	1375000	1000	0
LR134354.1	1376000	1000	0
LR134354.1	1377000	1000	0
LR134354.1	1378000	1000	0
LR134354.1	1379000	1000	0
LR134354.1	1380000	1000	0
LR134354.1	1381000	1000	0
LR134354.1	1382000	1000	0
LR134354.1	1383000	1000	0
LR134354.1	1384000	1000	0
LR134354.1	1385000	1000	0
LR134354.1	1386000	1000	0
LR134354.1	1387000	1000	0
LR134354.1	1388000	1000	0
LR134354.1	1389000	1000	0
LR134354.1	1390000	1000	0
LR134354.1	1391000	1000	0
LR134354.1	1392000	1000	0
LR134354.1	1393000	1000	0
LR134354.1	1394000	1000	0
LR134354.1	1395000	1000	0
LR134354.1	1396000	1000	0
LR134354.1	1397000	1000	0
LR134354.1	1398000	1000	0
LR134354.1	1399000	1000	0
LR134354.1	1400000	1000	0
LR134354.1	1401000	1000	0
LR134354.1	1402000	1000	0
LR134354.1	1403000	1000	0
LR134354.1	1404000	1000	0
LR134354.1	1405000	1000	0
LR134354.1	1406000	1000	0
LR134354.1	1407000	1000	0
LR134354.1	1408000	1000	0
LR134354.1	1409000	1000	0
LR134354.1	1410000	1000	0
LR134354.1	1411000	1000	0
LR134354.1	1412000	1000	0
LR134354.1	1413000	1000	0
LR134354.1	1414000	1000	0
LR134354.1	1415000	1000	0
LR134354.1	1416000	1000	0
LR134354.1	1417000	1000	0
LR134354.1	1418000	1000	0
LR134354.1	1419000	1000	0
LR134354.1	1420000	1000	0
LR134354.1	1421000	1000	0
LR134354.1	1422000	1000	0
LR134354.1	1423000	1000	0
LR134354.1	1424000	1000	0
LR134354.1	1425000	1000	0
LR134354.1	1426000	1000	0
LR134354.1	1427000	1000	0
LR134354.1	1428000	1000	0
LR134354.1	1429000	1000	0
LR134354.1	1430000	1000	0
LR134354.1	1431000	1000	0
LR134354.1	1432000	1000	0
LR134354.1	1433000	1000	0
LR134354.1	1434000	1000	0
LR134354.1	1435000	1000	0
LR134354.1	1436000	1000	0
LR134354.1	1437000	1000	0
LR134354.1	1438000	1000	0
LR134354.1	1439000	1000	0
LR134354.1	1440000	1000	0
LR134354.1	1441000	1000	0
LR134354.1	1442000	1000	0
LR134354.1	1443000	1000	0
LR134354.1	1444000	1000	0
LR134354.1	1445000	1000	0
LR134354.1	1446000	1000	0
LR134354.1	1447000	1000	0
LR134354.1	1448000	1000	0
LR134354.1	1449000	1000	0
LR134354.1	1450000	1000	0
LR134354.1	1451000	1000	0
LR134354.1	1452000	1000	114111
LR134354.1	1453000	1000	126956
LR134354.1	1454000	1000	124560
LR134354.1	1455000	1000	126540
LR134354.1	1456000	1000	119571
LR134354.1	1457000	1000	116539
LR134354.1	1458000	1000	92374
LR134354.1	1459000	1000	0
LR134354.1	1460000	1000	0
LR134354.1	1461000	1000	0
LR134354.1	1462000	1000	0
LR134354.1	1463000	1000	0
LR134354.1	1464000	1000	0
LR134354.1	1465000	1000	0
LR134354.1	1466000	1000	0
LR134354.1	1467000	1000	0
LR134354.1	1468000	1000	0
LR134354.1	1469000	1000	0
LR134354.1	1470000	1000	0
LR134354.1	1471000	1000	0
LR134354.1	1472000	1000	0
LR134354.1	1473000	1000	0
LR134354.1	1474000	1000	0
LR134354.1	1475000	1000	0
LR134354.1	1476000	1000	0
LR134354.1	1477000	1000	0
LR134354.1	1478000	1000	0
LR134354.1	1479000	1000	0
LR134354.1	1480000	1000	0
LR134354.1	1481000	1000	0
LR134354.1	1482000	1000	0
LR134354.1	1483000	1000	0
LR134354.1	1484000	1000	0
LR134354.1	1485000	1000	0
LR134354.1	1486000	1000	0
LR134354.1	1487000	1000	0
LR134354.1	1488000	1000	0
LR134354.1	1489000	1000	0
LR134354.1	1490000	1000	0
LR134354.1	1491000	1000	0
LR134354.1	1492000	1000	0
LR134354.1	1493000	1000	0
LR134354.1	1494000	1000	0
LR134354.1	1495000	1000	0
LR134354.1	1496000	1000	0
LR134354.1	1497000	1000	0
LR134354.1	1498000	1000	0
LR134354.1	1499000	1000	0
LR134354.1	1500000	1000	0
LR134354.1	1501000	1000	0
LR134354.1	1502000	1000	0
LR134354.1	1503000	1000	0
LR134354.1	1504000	1000	0
LR134354.1	1505000	1000	0
LR134354.1	1506000	1000	0
LR134354.1	1507000	1000	0
LR134354.1	1508000	1000	0
LR134354.1	1509000	1000	0
LR134354.1	1510000	1000	0
LR134354.1	1511000	1000	0
LR134354.1	1512000	1000	0
LR134354.1	1513000	1000	0
LR134354.1	1514000	1000	0
LR134354.1	1515000	1000	0
LR134354.1	1516000	1000	0
LR134354.1	1517000	1000	0
LR134354.1	1518000	1000	0
LR134354.1	1519000	1000	0
LR134354.1	1520000	1000	0
LR134354.1	1521000	1000	0
LR134354.1	1522000	1000	0
LR134354.1	1523000	1000	0
LR134354.1	1524000	1000	0
LR134354.1	1525000	1000	0
LR134354.1	1526000	1000	6157
LR134354.1	1527000	1000	11086
LR134354.1	1528000	1000	0
LR134354.1	1529000	1000	305
LR134354.1	1530000	1000	67332
LR134354.1	1531000	1000	64662
LR134354.1	1532000	1000	58577
LR134354.1	1533000	1000	60999
LR134354.1	1534000	1000	60768
LR134354.1	1535000	1000	60277
LR134354.1	1536000	1000	57621
LR134354.1	1537000	1000	52421
LR134354.1	1538000	1000	54467
LR134354.1	1539000	1000	56214
LR134354.1	1540000	1000	33081
LR134354.1	1541000	1000	42417
LR134354.1	1542000	1000	52487
LR134354.1	1543000	1000	33425
LR134354.1	1544000	1000	12822
LR134354.1	1545000	1000	58482
LR134354.1	1546000	1000	21607
LR134354.1	1547000	1000	44069
LR134354.1	1548000	1000	23194
LR134354.1	1549000	1000	66
LR134354.1	1550000	1000	0
LR134354.1	1551000	1000	20
LR134354.1	1552000	1000	943
LR134354.1	1553000	1000	99
LR134354.1	1554000	1000	169
LR134354.1	1555000	1000	28075
LR134354.1	1556000	1000	50808
LR134354.1	1557000	1000	46316
LR134354.1	1558000	1000	1049
LR134354.1	1559000	1000	0
LR134354.1	1560000	1000	0
LR134354.1	1561000	1000	0
LR134354.1	1562000	1000	0
LR134354.1	1563000	1000	0
LR134354.1	1564000	1000	0
LR134354.1	1565000	1000	0
LR134354.1	1566000	1000	0
LR134354.1	1567000	1000	0
LR134354.1	1568000	1000	0
LR134354.1	1569000	1000	0
LR134354.1	1570000	1000	0
LR134354.1	1571000	1000	0
LR134354.1	1572000	1000	0
LR134354.1	1573000	1000	0
LR134354.1	1574000	1000	0
LR134354.1	1575000	1000	0
LR134354.1	1576000	1000	0
LR134354.1	1577000	1000	0
LR134354.1	1578000	1000	0
LR134354.1	1579000	1000	0
LR134354.1	1580000	1000	0
LR134354.1	1581000	1000	0
LR134354.1	1582000	1000	0
LR134354.1	1583000	1000	8147
LR134354.1	1584000	1000	44395
LR134354.1	1585000	1000	49719
LR134354.1	1586000	1000	49142
LR134354.1	1587000	1000	45801
LR134354.1	1588000	1000	42544
LR134354.1	1589000	1000	2353
LR134354.1	1590000	1000	18773
LR134354.1	1591000	1000	27793
LR134354.1	1592000	1000	7447
LR134354.1	1593000	1000	10171
LR134354.1	1594000	1000	75
LR134354.1	1595000	1000	9471
LR134354.1	1596000	1000	24608
LR134354.1	1597000	1000	34510
LR134354.1	1598000	1000	38033
LR134354.1	1599000	1000	33185
LR134354.1	1600000	1000	10608
LR134354.1	1601000	1000	39588
LR134354.1	1602000	1000	44461
LR134354.1	1603000	1000	40690
LR134354.1	1604000	1000	49477
LR134354.1	1605000	1000	51716
LR134354.1	1606000	1000	52786
LR134354.1	1607000	1000	56944
LR134354.1	1608000	1000	56873
LR134354.1	1609000	1000	51826
LR134354.1	1610000	1000	38633
LR134354.1	1611000	1000	50004
LR134354.1	1612000	1000	55144
LR134354.1	1613000	1000	57961
LR134354.1	1614000	1000	61490
LR134354.1	1615000	1000	55888
LR134354.1	1616000	1000	52773
LR134354.1	1617000	1000	56180
LR134354.1	1618000	1000	48866
LR134354.1	1619000	1000	51544
LR134354.1	1620000	1000	48829
LR134354.1	1621000	1000	13623
LR134354.1	1622000	1000	17344
LR134354.1	1623000	1000	44446
LR134354.1	1624000	1000	45574
LR134354.1	1625000	1000	41904
LR134354.1	1626000	1000	56227
LR134354.1	1627000	1000	60216
LR134354.1	1628000	1000	1244
LR134354.1	1629000	1000	367
LR134354.1	1630000	1000	350
LR134354.1	1631000	1000	299
LR134354.1	1632000	1000	360
LR134354.1	1633000	1000	0
LR134354.1	1634000	1000	51124
LR134354.1	1635000	1000	42017
LR134354.1	1636000	1000	516
LR134354.1	1637000	1000	34848
LR134354.1	1638000	1000	55347
LR134354.1	1639000	1000	54730
LR134354.1	1640000	1000	53259
LR134354.1	1641000	1000	55292
LR134354.1	1642000	1000	56834
LR134354.1	1643000	1000	58806
LR134354.1	1644000	1000	55378
LR134354.1	1645000	1000	51480
LR134354.1	1646000	1000	57533
LR134354.1	1647000	1000	51087
LR134354.1	1648000	1000	51585
LR134354.1	1649000	1000	50388
LR134354.1	1650000	1000	43651
LR134354.1	1651000	1000	37476
LR134354.1	1652000	1000	17529
LR134354.1	1653000	1000	15670
LR134354.1	1654000	1000	18654
LR134354.1	1655000	1000	39556
LR134354.1	1656000	1000	43126
LR134354.1	1657000	1000	45193
LR134354.1	1658000	1000	48430
LR134354.1	1659000	1000	34192
LR134354.1	1660000	1000	31991
LR134354.1	1661000	1000	0
LR134354.1	1662000	1000	0
LR134354.1	1663000	1000	0
LR134354.1	1664000	1000	0
LR134354.1	1665000	1000	0
LR134354.1	1666000	1000	0
LR134354.1	1667000	1000	0
LR134354.1	1668000	1000	0
LR134354.1	1669000	1000	0
LR134354.1	1670000	1000	0
LR134354.1	1671000	1000	0
LR134354.1	1672000	1000	0
LR134354.1	1673000	1000	0
LR134354.1	1674000	1000	0
LR134354.1	1675000	1000	0
LR134354.1	1676000	1000	0
LR134354.1	1677000	1000	0
LR134354.1	1678000	1000	0
LR134354.1	1679000	1000	0
LR134354.1	1680000	1000	0
LR134354.1	1681000	1000	0
LR134354.1	1682000	1000	0
LR134354.1	1683000	1000	0
LR134354.1	1684000	1000	0
LR134354.1	1685000	1000	0
LR134354.1	1686000	1000	0
LR134354.1	1687000	1000	0
LR134354.1	1688000	1000	0
LR134354.1	1689000	1000	0
LR134354.1	1690000	1000	0
LR134354.1	1691000	1000	0
LR134354.1	1692000	1000	0
LR134354.1	1693000	1000	0
LR134354.1	1694000	1000	0
LR134354.1	1695000	1000	0
LR134354.1	1696000	1000	0
LR134354.1	1697000	1000	0
LR134354.1	1698000	1000	0
LR134354.1	1699000	1000	0
LR134354.1	1700000	1000	0
LR134354.1	1701000	1000	0
LR134354.1	1702000	1000	0
LR134354.1	1703000	1000	0
LR134354.1	1704000	1000	0
LR134354.1	1705000	1000	0
LR134354.1	1706000	1000	0
LR134354.1	1707000	1000	0
LR134354.1	1708000	1000	0
LR134354.1	1709000	1000	0
LR134354.1	1710000	1000	0
LR134354.1	1711000	1000	0
LR134354.1	1712000	1000	0
LR134354.1	1713000	1000	0
LR134354.1	1714000	1000	0
LR134354.1	1715000	1000	0
LR134354.1	1716000	1000	0
LR134354.1	1717000	1000	0
LR134354.1	1718000	1000	0
LR134354.1	1719000	1000	0
LR134354.1	1720000	1000	0
LR134354.1	1721000	1000	0
LR134354.1	1722000	1000	0
LR134354.1	1723000	1000	15284
LR134354.1	1724000	1000	54519
LR134354.1	1725000	1000	51762
LR134354.1	1726000	1000	47291
LR134354.1	1727000	1000	50215
LR134354.1	1728000	1000	52444
LR134354.1	1729000	1000	58725
LR134354.1	1730000	1000	55692
LR134354.1	1731000	1000	55918
LR134354.1	1732000	1000	56979
LR134354.1	1733000	1000	51297
LR134354.1	1734000	1000	52935
LR134354.1	1735000	1000	54664
LR134354.1	1736000	1000	59240
LR134354.1	1737000	1000	55986
LR134354.1	1738000	1000	57108
LR134354.1	1739000	1000	60010
LR134354.1	1740000	1000	53816
LR134354.1	1741000	1000	52510
LR134354.1	1742000	1000	52801
LR134354.1	1743000	1000	55388
LR134354.1	1744000	1000	56328
LR134354.1	1745000	1000	57392
LR134354.1	1746000	1000	55578
LR134354.1	1747000	1000	49028
LR134354.1	1748000	1000	50887
LR134354.1	1749000	1000	58348
LR134354.1	1750000	1000	61192
LR134354.1	1751000	1000	64508
LR134354.1	1752000	1000	69367
LR134354.1	1753000	1000	71529
LR134354.1	1754000	1000	67355
LR134354.1	1755000	1000	63790
LR134354.1	1756000	1000	60637
LR134354.1	1757000	1000	55690
LR134354.1	1758000	1000	48156
LR134354.1	1759000	1000	10204
LR134354.1	1760000	1000	0
LR134354.1	1761000	1000	0
LR134354.1	1762000	1000	9745
LR134354.1	1763000	1000	64442
LR134354.1	1764000	1000	62751
LR134354.1	1765000	1000	70081
LR134354.1	1766000	1000	63353
LR134354.1	1767000	1000	61288
LR134354.1	1768000	1000	62783
LR134354.1	1769000	1000	64229
LR134354.1	1770000	1000	61154
LR134354.1	1771000	1000	52376
LR134354.1	1772000	1000	58486
LR134354.1	1773000	1000	60465
LR134354.1	1774000	1000	29097
LR134354.1	1775000	1000	0
LR134354.1	1776000	1000	0
LR134354.1	1777000	1000	4645
LR134354.1	1778000	1000	23866
LR134354.1	1779000	1000	66353
LR134354.1	1780000	1000	62569
LR134354.1	1781000	1000	56421
LR134354.1	1782000	1000	62396
LR134354.1	1783000	1000	58622
LR134354.1	1784000	1000	59426
LR134354.1	1785000	1000	60329
LR134354.1	1786000	1000	55823
LR134354.1	1787000	1000	58892
LR134354.1	1788000	1000	47283
LR134354.1	1789000	1000	55031
LR134354.1	1790000	1000	36936
LR134354.1	1791000	1000	54657
LR134354.1	1792000	1000	56493
LR134354.1	1793000	1000	67405
LR134354.1	1794000	1000	60368
LR134354.1	1795000	1000	54888
LR134354.1	1796000	1000	48595
LR134354.1	1797000	1000	34193
LR134354.1	1798000	1000	0
LR134354.1	1799000	1000	0
LR134354.1	1800000	1000	0
LR134354.1	1801000	1000	0
LR134354.1	1802000	1000	27568
LR134354.1	1803000	1000	54707
LR134354.1	1804000	1000	61998
LR134354.1	1805000	1000	14758
LR134354.1	1806000	1000	0
LR134354.1	1807000	1000	0
LR134354.1	1808000	1000	0
LR134354.1	1809000	1000	0
LR134354.1	1810000	1000	0
LR134354.1	1811000	1000	20
LR134354.1	1812000	1000	943
LR134354.1	1813000	1000	0
LR134354.1	1814000	1000	0
LR134354.1	1815000	1000	0
LR134354.1	1816000	1000	0
LR134354.1	1817000	1000	0
LR134354.1	1818000	1000	835
LR134354.1	1819000	1000	20819
LR134354.1	1820000	1000	32413
LR134354.1	1821000	1000	3600
LR134354.1	1822000	1000	0
LR134354.1	1823000	1000	0
LR134354.1	1824000	1000	180446
LR134354.1	1825000	1000	243376
LR134354.1	1826000	1000	177172
LR134354.1	1827000	1000	33803
LR134354.1	1828000	1000	58401
LR134354.1	1829000	1000	54797
LR134354.1	1830000	1000	49817
LR134354.1	1831000	1000	50331
LR134354.1	1832000	1000	53960
LR134354.1	1833000	1000	35247
LR134354.1	1834000	1000	52687
LR134354.1	1835000	1000	55741
LR134354.1	1836000	1000	36528
LR134354.1	1837000	1000	0
LR134354.1	1838000	1000	0
LR134354.1	1839000	1000	0
LR134354.1	1840000	1000	12
LR134354.1	1841000	1000	0
LR134354.1	1842000	1000	12031
LR134354.1	1843000	1000	50484
LR134354.1	1844000	1000	58183
LR134354.1	1845000	1000	60574
LR134354.1	1846000	1000	62352
LR134354.1	1847000	1000	67698
LR134354.1	1848000	1000	68657
LR134354.1	1849000	1000	67224
LR134354.1	1850000	1000	64865
LR134354.1	1851000	1000	57919
LR134354.1	1852000	1000	60920
LR134354.1	1853000	1000	52158
LR134354.1	1854000	1000	53232
LR134354.1	1855000	1000	53973
LR134354.1	1856000	1000	54901
LR134354.1	1857000	1000	56735
LR134354.1	1858000	1000	58683
LR134354.1	1859000	1000	58574
LR134354.1	1860000	1000	52374
LR134354.1	1861000	1000	55861
LR134354.1	1862000	1000	67026
LR134354.1	1863000	1000	72571
LR134354.1	1864000	1000	69897
LR134354.1	1865000	1000	66252
LR134354.1	1866000	1000	67756
LR134354.1	1867000	1000	59906
LR134354.1	1868000	1000	63405
LR134354.1	1869000	1000	59206
LR134354.1	1870000	1000	48576
LR134354.1	1871000	1000	55694
LR134354.1	1872000	1000	59861
LR134354.1	1873000	1000	53490
LR134354.1	1874000	1000	46624
LR134354.1	1875000	1000	55356
LR134354.1	1876000	1000	59037
LR134354.1	1877000	1000	57725
LR134354.1	1878000	1000	58352
LR134354.1	1879000	1000	59485
LR134354.1	1880000	1000	59408
LR134354.1	1881000	1000	62248
LR134354.1	1882000	1000	63044
LR134354.1	1883000	1000	64476
LR134354.1	1884000	1000	64159
LR134354.1	1885000	1000	67006
LR134354.1	1886000	1000	60036
LR134354.1	1887000	1000	61468
LR134354.1	1888000	1000	58975
LR134354.1	1889000	1000	61132
LR134354.1	1890000	1000	54382
LR134354.1	1891000	1000	58450
LR134354.1	1892000	1000	63802
LR134354.1	1893000	1000	66455
LR134354.1	1894000	1000	60641
LR134354.1	1895000	1000	59790
LR134354.1	1896000	1000	60138
LR134354.1	1897000	1000	65152
LR134354.1	1898000	1000	61609
LR134354.1	1899000	1000	56796
LR134354.1	1900000	1000	66992
LR134354.1	1901000	1000	67941
LR134354.1	1902000	1000	60700
LR134354.1	1903000	1000	71104
LR134354.1	1904000	1000	2361
LR134354.1	1905000	1000	0
LR134354.1	1906000	1000	0
LR134354.1	1907000	1000	0
LR134354.1	1908000	1000	43177
LR134354.1	1909000	1000	55966
LR134354.1	1910000	1000	58013
LR134354.1	1911000	1000	61399
LR134354.1	1912000	1000	60924
LR134354.1	1913000	1000	61814
LR134354.1	1914000	1000	58339
LR134354.1	1915000	1000	55386
LR134354.1	1916000	1000	43716
LR134354.1	1917000	1000	64031
LR134354.1	1918000	1000	58879
LR134354.1	1919000	1000	59583
LR134354.1	1920000	1000	59893
LR134354.1	1921000	1000	4696
LR134354.1	1922000	1000	611
LR134354.1	1923000	1000	0
LR134354.1	1924000	1000	14
LR134354.1	1925000	1000	0
LR134354.1	1926000	1000	17165
LR134354.1	1927000	1000	64139
LR134354.1	1928000	1000	61817
LR134354.1	1929000	1000	60040
LR134354.1	1930000	1000	63503
LR134354.1	1931000	1000	63439
LR134354.1	1932000	1000	58448
LR134354.1	1933000	1000	60084
LR134354.1	1934000	1000	64407
LR134354.1	1935000	1000	61621
LR134354.1	1936000	1000	58306
LR134354.1	1937000	1000	61238
LR134354.1	1938000	1000	58687
LR134354.1	1939000	1000	57133
LR134354.1	1940000	1000	58830
LR134354.1	1941000	1000	63684
LR134354.1	1942000	1000	60296
LR134354.1	1943000	1000	60421
LR134354.1	1944000	1000	57743
LR134354.1	1945000	1000	56578
LR134354.1	1946000	1000	55601
LR134354.1	1947000	1000	55908
LR134354.1	1948000	1000	55542
LR134354.1	1949000	1000	58608
LR134354.1	1950000	1000	64883
LR134354.1	1951000	1000	62146
LR134354.1	1952000	1000	65689
LR134354.1	1953000	1000	69661
LR134354.1	1954000	1000	65336
LR134354.1	1955000	1000	67456
LR134354.1	1956000	1000	8297
LR134354.1	1957000	1000	0
LR134354.1	1958000	1000	0
LR134354.1	1959000	1000	0
LR134354.1	1960000	1000	0
LR134354.1	1961000	1000	0
LR134354.1	1962000	1000	0
LR134354.1	1963000	1000	0
LR134354.1	1964000	1000	0
LR134354.1	1965000	1000	0
LR134354.1	1966000	1000	0
LR134354.1	1967000	1000	0
LR134354.1	1968000	1000	0
LR134354.1	1969000	1000	0
LR134354.1	1970000	1000	0
LR134354.1	1971000	1000	0
LR134354.1	1972000	1000	965
LR134354.1	1973000	1000	0
LR134354.1	1974000	1000	0
LR134354.1	1975000	1000	0
LR134354.1	1976000	1000	0
LR134354.1	1977000	1000	0
LR134354.1	1978000	1000	0
LR134354.1	1979000	1000	0
LR134354.1	1980000	1000	0
LR134354.1	1981000	1000	0
LR134354.1	1982000	1000	0
LR134354.1	1983000	1000	0
LR134354.1	1984000	1000	0
LR134354.1	1985000	1000	0
LR134354.1	1986000	1000	0
LR134354.1	1987000	1000	0
LR134354.1	1988000	1000	0
LR134354.1	1989000	1000	0
LR134354.1	1990000	1000	0
LR134354.1	1991000	1000	0
LR134354.1	1992000	1000	0
LR134354.1	1993000	1000	0
LR134354.1	1994000	1000	0
LR134354.1	1995000	1000	18453
LR134354.1	1996000	1000	65237
LR134354.1	1997000	1000	70884
LR134354.1	1998000	1000	67044
LR134354.1	1999000	1000	70477
LR134354.1	2000000	1000	71514
LR134354.1	2001000	1000	75234
LR134354.1	2002000	1000	74582
LR134354.1	2003000	1000	64694
LR134354.1	2004000	1000	58875
LR134354.1	2005000	1000	9546
LR134354.1	2006000	1000	32519
LR134354.1	2007000	1000	64446
LR134354.1	2008000	1000	61126
LR134354.1	2009000	1000	61462
LR134354.1	2010000	1000	57988
LR134354.1	2011000	1000	59689
LR134354.1	2012000	1000	56596
LR134354.1	2013000	1000	49482
LR134354.1	2014000	1000	44419
LR134354.1	2015000	1000	19103
LR134354.1	2016000	1000	55131
LR134354.1	2017000	1000	37981
LR134354.1	2018000	1000	495
LR134354.1	2019000	1000	33913
LR134354.1	2020000	1000	66847
LR134354.1	2021000	1000	65672
LR134354.1	2022000	1000	56717
LR134354.1	2023000	1000	0
LR134354.1	2024000	1000	0
LR134354.1	2025000	1000	0
LR134354.1	2026000	1000	0
LR134354.1	2027000	1000	0
LR134354.1	2028000	1000	37486
LR134354.1	2029000	1000	70287
LR134354.1	2030000	1000	72481
LR134354.1	2031000	1000	67719
LR134354.1	2032000	1000	68177
LR134354.1	2033000	1000	68034
LR134354.1	2034000	1000	69987
LR134354.1	2035000	1000	69131
LR134354.1	2036000	1000	66031
LR134354.1	2037000	1000	64291
LR134354.1	2038000	1000	76375
LR134354.1	2039000	1000	70167
LR134354.1	2040000	1000	72205
LR134354.1	2041000	1000	77726
LR134354.1	2042000	1000	81891
LR134354.1	2043000	1000	76492
LR134354.1	2044000	1000	73809
LR134354.1	2045000	1000	66132
LR134354.1	2046000	1000	69450
LR134354.1	2047000	1000	66523
LR134354.1	2048000	1000	62100
LR134354.1	2049000	1000	58120
LR134354.1	2050000	1000	55120
LR134354.1	2051000	1000	52437
LR134354.1	2052000	1000	56197
LR134354.1	2053000	1000	53189
LR134354.1	2054000	1000	52858
LR134354.1	2055000	1000	49678
LR134354.1	2056000	1000	54519
LR134354.1	2057000	1000	55065
LR134354.1	2058000	1000	59228
LR134354.1	2059000	1000	62900
LR134354.1	2060000	1000	61530
LR134354.1	2061000	1000	59185
LR134354.1	2062000	1000	56990
LR134354.1	2063000	1000	61067
LR134354.1	2064000	1000	66460
LR134354.1	2065000	1000	66115
LR134354.1	2066000	1000	61816
LR134354.1	2067000	1000	53247
LR134354.1	2068000	1000	38119
LR134354.1	2069000	1000	23045
LR134354.1	2070000	1000	42567
LR134354.1	2071000	1000	62439
LR134354.1	2072000	1000	58172
LR134354.1	2073000	1000	58766
LR134354.1	2074000	1000	64777
LR134354.1	2075000	1000	71678
LR134354.1	2076000	1000	76067
LR134354.1	2077000	1000	13709
LR134354.1	2078000	1000	208
LR134354.1	2079000	1000	182
LR134354.1	2080000	1000	5733
LR134354.1	2081000	1000	563
LR134354.1	2082000	1000	648
LR134354.1	2083000	1000	17262
LR134354.1	2084000	1000	52797
LR134354.1	2085000	1000	51793
LR134354.1	2086000	1000	66026
LR134354.1	2087000	1000	43
LR134354.1	2088000	1000	20
LR134354.1	2089000	1000	28
LR134354.1	2090000	1000	137
LR134354.1	2091000	1000	113
LR134354.1	2092000	1000	30899
LR134354.1	2093000	1000	53240
LR134354.1	2094000	1000	71600
LR134354.1	2095000	1000	68544
LR134354.1	2096000	1000	65577
LR134354.1	2097000	1000	65516
LR134354.1	2098000	1000	68029
LR134354.1	2099000	1000	68219
LR134354.1	2100000	1000	72251
LR134354.1	2101000	1000	79274
LR134354.1	2102000	1000	41700
LR134354.1	2103000	1000	630
LR134354.1	2104000	1000	67
LR134354.1	2105000	1000	37
LR134354.1	2106000	1000	5673
LR134354.1	2107000	1000	0
LR134354.1	2108000	1000	2119
LR134354.1	2109000	1000	1638
LR134354.1	2110000	1000	617
LR134354.1	2111000	1000	32990
LR134354.1	2112000	1000	79495
LR134354.1	2113000	1000	70173
LR134354.1	2114000	1000	69193
LR134354.1	2115000	1000	37436
LR134354.1	2116000	1000	1372
LR134354.1	2117000	1000	43923
LR134354.1	2118000	1000	40973
LR134354.1	2119000	1000	69522
LR134354.1	2120000	1000	64014
LR134354.1	2121000	1000	71586
LR134354.1	2122000	1000	77266
LR134354.1	2123000	1000	72776
LR134354.1	2124000	1000	72150
LR134354.1	2125000	1000	81022
LR134354.1	2126000	1000	81643
LR134354.1	2127000	1000	23535
LR134354.1	2128000	1000	0
LR134354.1	2129000	1000	45551
LR134354.1	2130000	1000	69452
LR134354.1	2131000	1000	73758
LR134354.1	2132000	1000	64036
LR134354.1	2133000	1000	67126
LR134354.1	2134000	1000	67828
LR134354.1	2135000	1000	73584
LR134354.1	2136000	1000	70297
LR134354.1	2137000	1000	68315
LR134354.1	2138000	1000	72369
LR134354.1	2139000	1000	74288
LR134354.1	2140000	1000	71634
LR134354.1	2141000	1000	80509
LR134354.1	2142000	1000	86556
LR134354.1	2143000	1000	87184
LR134354.1	2144000	1000	94539
LR134354.1	2145000	1000	121968
LR134354.1	2146000	1000	87491
LR134354.1	2147000	1000	82632
LR134354.1	2148000	1000	533
LR134354.1	2149000	1000	41
LR134354.1	2150000	1000	0
LR134354.1	2151000	1000	2172
LR134354.1	2152000	1000	209
LR134354.1	2153000	1000	0
LR134354.1	2154000	1000	0
LR134354.1	2155000	1000	11208
LR134354.1	2156000	1000	60412
LR134354.1	2157000	1000	72117
LR134354.1	2158000	1000	70958
LR134354.1	2159000	1000	84929
LR134354.1	2160000	1000	90523
LR134354.1	2161000	1000	88302
LR134354.1	2162000	1000	85974
LR134354.1	2163000	1000	92380
LR134354.1	2164000	1000	101153
LR134354.1	2165000	1000	98724
LR134354.1	2166000	1000	92568
LR134354.1	2167000	1000	85207
LR134354.1	2168000	1000	85214
LR134354.1	2169000	1000	91564
LR134354.1	2170000	1000	73896
LR134354.1	2171000	1000	69143
LR134354.1	2172000	1000	70594
LR134354.1	2173000	1000	71268
LR134354.1	2174000	1000	69076
LR134354.1	2175000	1000	70289
LR134354.1	2176000	1000	73600
LR134354.1	2177000	1000	74051
LR134354.1	2178000	1000	74435
LR134354.1	2179000	1000	77016
LR134354.1	2180000	1000	68833
LR134354.1	2181000	1000	68816
LR134354.1	2182000	1000	71754
LR134354.1	2183000	1000	74498
LR134354.1	2184000	1000	73389
LR134354.1	2185000	1000	79942
LR134354.1	2186000	1000	90750
LR134354.1	2187000	1000	91974
LR134354.1	2188000	1000	82433
LR134354.1	2189000	1000	5732
LR134354.1	2190000	1000	2345
LR134354.1	2191000	1000	228
LR134354.1	2192000	1000	73981
LR134354.1	2193000	1000	66792
LR134354.1	2194000	1000	69382
LR134354.1	2195000	1000	57654
LR134354.1	2196000	1000	64230
LR134354.1	2197000	1000	18533
LR134354.1	2198000	1000	3960
LR134354.1	2199000	1000	83767
LR134354.1	2200000	1000	83976
LR134354.1	2201000	1000	71396
LR134354.1	2202000	1000	76417
LR134354.1	2203000	1000	72672
LR134354.1	2204000	1000	80420
LR134354.1	2205000	1000	80489
LR134354.1	2206000	1000	73529
LR134354.1	2207000	1000	70234
LR134354.1	2208000	1000	63930
LR134354.1	2209000	1000	68693
LR134354.1	2210000	1000	76377
LR134354.1	2211000	1000	79343
LR134354.1	2212000	1000	77884
LR134354.1	2213000	1000	72346
LR134354.1	2214000	1000	77045
LR134354.1	2215000	1000	71851
LR134354.1	2216000	1000	34421
LR134354.1	2217000	1000	0
LR134354.1	2218000	1000	61685
LR134354.1	2219000	1000	84126
LR134354.1	2220000	1000	85617
LR134354.1	2221000	1000	77057
LR134354.1	2222000	1000	76332
LR134354.1	2223000	1000	77612
LR134354.1	2224000	1000	79580
LR134354.1	2225000	1000	93748
LR134354.1	2226000	1000	101270
LR134354.1	2227000	1000	96500
LR134354.1	2228000	1000	93824
LR134354.1	2229000	1000	86801
LR134354.1	2230000	1000	91575
LR134354.1	2231000	1000	89512
LR134354.1	2232000	1000	92359
LR134354.1	2233000	1000	90978
LR134354.1	2234000	1000	85748
LR134354.1	2235000	1000	91012
LR134354.1	2236000	1000	84949
LR134354.1	2237000	1000	85239
LR134354.1	2238000	1000	85494
LR134354.1	2239000	1000	89306
LR134354.1	2240000	1000	87722
LR134354.1	2241000	1000	92981
LR134354.1	2242000	1000	91744
LR134354.1	2243000	1000	79746
LR134354.1	2244000	1000	78757
LR134354.1	2245000	1000	73095
LR134354.1	2246000	1000	65063
LR134354.1	2247000	1000	73000
LR134354.1	2248000	1000	74712
LR134354.1	2249000	1000	69749
LR134354.1	2250000	1000	65478
LR134354.1	2251000	1000	59037
LR134354.1	2252000	1000	61839
LR134354.1	2253000	1000	68275
LR134354.1	2254000	1000	65278
LR134354.1	2255000	1000	62067
LR134354.1	2256000	1000	66984
LR134354.1	2257000	1000	72941
LR134354.1	2258000	1000	66161
LR134354.1	2259000	1000	74117
LR134354.1	2260000	1000	71451
LR134354.1	2261000	1000	69446
LR134354.1	2262000	1000	65202
LR134354.1	2263000	1000	46383
LR134354.1	2264000	1000	67993
LR134354.1	2265000	1000	51127
LR134354.1	2266000	1000	242
LR134354.1	2267000	1000	0
LR134354.1	2268000	1000	50
LR134354.1	2269000	1000	0
LR134354.1	2270000	1000	222
LR134354.1	2271000	1000	0
LR134354.1	2272000	1000	771
LR134354.1	2273000	1000	27
LR134354.1	2274000	1000	57485
LR134354.1	2275000	1000	56728
LR134354.1	2276000	1000	60406
LR134354.1	2277000	1000	62333
LR134354.1	2278000	1000	62062
LR134354.1	2279000	1000	65306
LR134354.1	2280000	1000	63285
LR134354.1	2281000	1000	62478
LR134354.1	2282000	1000	60051
LR134354.1	2283000	1000	63854
LR134354.1	2284000	1000	71531
LR134354.1	2285000	1000	70373
LR134354.1	2286000	1000	59315
LR134354.1	2287000	1000	72338
LR134354.1	2288000	1000	75930
LR134354.1	2289000	1000	78462
LR134354.1	2290000	1000	64643
LR134354.1	2291000	1000	68344
LR134354.1	2292000	1000	67110
LR134354.1	2293000	1000	76921
LR134354.1	2294000	1000	81204
LR134354.1	2295000	1000	33860
LR134354.1	2296000	1000	2615
LR134354.1	2297000	1000	38667
LR134354.1	2298000	1000	85359
LR134354.1	2299000	1000	85485
LR134354.1	2300000	1000	85412
LR134354.1	2301000	1000	79954
LR134354.1	2302000	1000	48082
LR134354.1	2303000	1000	0
LR134354.1	2304000	1000	98843
LR134354.1	2305000	1000	42690
LR134354.1	2306000	1000	0
LR134354.1	2307000	1000	0
LR134354.1	2308000	1000	0
LR134354.1	2309000	1000	0
LR134354.1	2310000	1000	0
LR134354.1	2311000	1000	0
LR134354.1	2312000	1000	0
LR134354.1	2313000	1000	10177
LR134354.1	2314000	1000	600
LR134354.1	2315000	1000	0
LR134354.1	2316000	1000	6401
LR134354.1	2317000	1000	0
LR134354.1	2318000	1000	25094
LR134354.1	2319000	1000	0
LR134354.1	2320000	1000	0
LR134354.1	2321000	1000	0
LR134354.1	2322000	1000	0
LR134354.1	2323000	1000	0
LR134354.1	2324000	1000	0
LR134354.1	2325000	1000	0
LR134354.1	2326000	1000	0
LR134354.1	2327000	1000	0
LR134354.1	2328000	1000	0
LR134354.1	2329000	1000	0
LR134354.1	2330000	1000	0
LR134354.1	2331000	1000	16528
LR134354.1	2332000	1000	50405
LR134354.1	2333000	1000	0
LR134354.1	2334000	1000	47140
LR134354.1	2335000	1000	77528
LR134354.1	2336000	1000	25242
LR134354.1	2337000	1000	0
LR134354.1	2338000	1000	0
LR134354.1	2339000	1000	0
LR134354.1	2340000	1000	0
LR134354.1	2341000	1000	0
LR134354.1	2342000	1000	0
LR134354.1	2343000	1000	0
LR134354.1	2344000	1000	38309
LR134354.1	2345000	1000	65280
LR134354.1	2346000	1000	57855
LR134354.1	2347000	1000	61720
LR134354.1	2348000	1000	65696
LR134354.1	2349000	1000	68891
LR134354.1	2350000	1000	68762
LR134354.1	2351000	1000	72148
LR134354.1	2352000	1000	79833
LR134354.1	2353000	1000	82499
LR134354.1	2354000	1000	78244
LR134354.1	2355000	1000	84150
LR134354.1	2356000	1000	86494
LR134354.1	2357000	1000	90742
LR134354.1	2358000	1000	89007
LR134354.1	2359000	1000	84268
LR134354.1	2360000	1000	82086
LR134354.1	2361000	1000	81564
LR134354.1	2362000	1000	69207
LR134354.1	2363000	1000	74337
LR134354.1	2364000	1000	78545
LR134354.1	2365000	1000	81369
LR134354.1	2366000	1000	70652
LR134354.1	2367000	1000	73816
LR134354.1	2368000	1000	81897
LR134354.1	2369000	1000	86591
LR134354.1	2370000	1000	87230
LR134354.1	2371000	1000	81138
LR134354.1	2372000	1000	76468
LR134354.1	2373000	1000	74134
LR134354.1	2374000	1000	75602
LR134354.1	2375000	1000	78442
LR134354.1	2376000	1000	80382
LR134354.1	2377000	1000	79874
LR134354.1	2378000	1000	23280
LR134354.1	2379000	1000	380
LR134354.1	2380000	1000	48
LR134354.1	2381000	1000	127
LR134354.1	2382000	1000	152
LR134354.1	2383000	1000	534
LR134354.1	2384000	1000	2140
LR134354.1	2385000	1000	142
LR134354.1	2386000	1000	14420
LR134354.1	2387000	1000	54228
LR134354.1	2388000	1000	85377
LR134354.1	2389000	1000	81526
LR134354.1	2390000	1000	64756
LR134354.1	2391000	1000	0
LR134354.1	2392000	1000	0
LR134354.1	2393000	1000	0
LR134354.1	2394000	1000	45
LR134354.1	2395000	1000	52585
LR134354.1	2396000	1000	75350
LR134354.1	2397000	1000	84017
LR134354.1	2398000	1000	83428
LR134354.1	2399000	1000	90678
LR134354.1	2400000	1000	95948
LR134354.1	2401000	1000	83432
LR134354.1	2402000	1000	87467
LR134354.1	2403000	1000	85306
LR134354.1	2404000	1000	80302
LR134354.1	2405000	1000	75819
LR134354.1	2406000	1000	72091
LR134354.1	2407000	1000	79922
LR134354.1	2408000	1000	72129
LR134354.1	2409000	1000	69813
LR134354.1	2410000	1000	64470
LR134354.1	2411000	1000	71634
LR134354.1	2412000	1000	70669
LR134354.1	2413000	1000	79218
LR134354.1	2414000	1000	79085
LR134354.1	2415000	1000	75720
LR134354.1	2416000	1000	83752
LR134354.1	2417000	1000	7336
LR134354.1	2418000	1000	1690
LR134354.1	2419000	1000	1000
LR134354.1	2420000	1000	999
LR134354.1	2421000	1000	2690
LR134354.1	2422000	1000	76887
LR134354.1	2423000	1000	81593
LR134354.1	2424000	1000	89692
LR134354.1	2425000	1000	94535
LR134354.1	2426000	1000	85639
LR134354.1	2427000	1000	79350
LR134354.1	2428000	1000	78066
LR134354.1	2429000	1000	70550
LR134354.1	2430000	1000	73089
LR134354.1	2431000	1000	75606
LR134354.1	2432000	1000	69731
LR134354.1	2433000	1000	70022
LR134354.1	2434000	1000	69596
LR134354.1	2435000	1000	73770
LR134354.1	2436000	1000	69924
LR134354.1	2437000	1000	73193
LR134354.1	2438000	1000	77497
LR134354.1	2439000	1000	90918
LR134354.1	2440000	1000	92870
LR134354.1	2441000	1000	34171
LR134354.1	2442000	1000	6214
LR134354.1	2443000	1000	0
LR134354.1	2444000	1000	0
LR134354.1	2445000	1000	0
LR134354.1	2446000	1000	14080
LR134354.1	2447000	1000	8140
LR134354.1	2448000	1000	87422
LR134354.1	2449000	1000	82237
LR134354.1	2450000	1000	81791
LR134354.1	2451000	1000	74281
LR134354.1	2452000	1000	69177
LR134354.1	2453000	1000	74270
LR134354.1	2454000	1000	76349
LR134354.1	2455000	1000	77146
LR134354.1	2456000	1000	78207
LR134354.1	2457000	1000	75719
LR134354.1	2458000	1000	71808
LR134354.1	2459000	1000	75644
LR134354.1	2460000	1000	77473
LR134354.1	2461000	1000	75152
LR134354.1	2462000	1000	75352
LR134354.1	2463000	1000	75826
LR134354.1	2464000	1000	76584
LR134354.1	2465000	1000	78476
LR134354.1	2466000	1000	82200
LR134354.1	2467000	1000	71258
LR134354.1	2468000	1000	1908
LR134354.1	2469000	1000	65054
LR134354.1	2470000	1000	69809
LR134354.1	2471000	1000	72424
LR134354.1	2472000	1000	72873
LR134354.1	2473000	1000	73278
LR134354.1	2474000	1000	80791
LR134354.1	2475000	1000	92376
LR134354.1	2476000	1000	85946
LR134354.1	2477000	1000	90253
LR134354.1	2478000	1000	94310
LR134354.1	2479000	1000	96820
LR134354.1	2480000	1000	96415
LR134354.1	2481000	1000	93733
LR134354.1	2482000	1000	85765
LR134354.1	2483000	1000	66360
LR134354.1	2484000	1000	81346
LR134354.1	2485000	1000	83554
LR134354.1	2486000	1000	78840
LR134354.1	2487000	1000	70490
LR134354.1	2488000	1000	72058
LR134354.1	2489000	1000	64845
LR134354.1	2490000	1000	78757
LR134354.1	2491000	1000	78518
LR134354.1	2492000	1000	71661
LR134354.1	2493000	1000	69172
LR134354.1	2494000	1000	74853
LR134354.1	2495000	1000	68727
LR134354.1	2496000	1000	79926
LR134354.1	2497000	1000	79945
LR134354.1	2498000	1000	84046
LR134354.1	2499000	1000	78529
LR134354.1	2500000	1000	75019
LR134354.1	2501000	1000	67600
LR134354.1	2502000	1000	69144
LR134354.1	2503000	1000	77903
LR134354.1	2504000	1000	82537
LR134354.1	2505000	1000	84493
LR134354.1	2506000	1000	88293
LR134354.1	2507000	1000	91552
LR134354.1	2508000	1000	90059
LR134354.1	2509000	1000	84867
LR134354.1	2510000	1000	0
LR134354.1	2511000	1000	0
LR134354.1	2512000	1000	0
LR134354.1	2513000	1000	0
LR134354.1	2514000	1000	876
LR134354.1	2515000	1000	873
LR134354.1	2516000	1000	79539
LR134354.1	2517000	1000	31467
LR134354.1	2518000	1000	55407
LR134354.1	2519000	1000	49679
LR134354.1	2520000	1000	63942
LR134354.1	2521000	1000	66650
LR134354.1	2522000	1000	63020
LR134354.1	2523000	1000	68991
LR134354.1	2524000	1000	73873
LR134354.1	2525000	1000	82730
LR134354.1	2526000	1000	82658
LR134354.1	2527000	1000	81986
LR134354.1	2528000	1000	83717
LR134354.1	2529000	1000	86642
LR134354.1	2530000	1000	86894
LR134354.1	2531000	1000	95794
LR134354.1	2532000	1000	94246
LR134354.1	2533000	1000	105336
LR134354.1	2534000	1000	104525
LR134354.1	2535000	1000	111330
LR134354.1	2536000	1000	117784
LR134354.1	2537000	1000	113112
LR134354.1	2538000	1000	110136
LR134354.1	2539000	1000	112571
LR134354.1	2540000	1000	114054
LR134354.1	2541000	1000	110245
LR134354.1	2542000	1000	113920
LR134354.1	2543000	1000	112704
LR134354.1	2544000	1000	105055
LR134354.1	2545000	1000	96073
LR134354.1	2546000	1000	93284
LR134354.1	2547000	1000	91595
LR134354.1	2548000	1000	98763
LR134354.1	2549000	1000	95054
LR134354.1	2550000	1000	99026
LR134354.1	2551000	1000	98053
LR134354.1	2552000	1000	94653
LR134354.1	2553000	1000	95565
LR134354.1	2554000	1000	96019
LR134354.1	2555000	1000	95378
LR134354.1	2556000	1000	88726
LR134354.1	2557000	1000	90707
LR134354.1	2558000	1000	39867
LR134354.1	2559000	1000	246
LR134354.1	2560000	1000	1953
LR134354.1	2561000	1000	875
LR134354.1	2562000	1000	763
LR134354.1	2563000	1000	52
LR134354.1	2564000	1000	2362
LR134354.1	2565000	1000	82385
LR134354.1	2566000	1000	84405
LR134354.1	2567000	1000	46689
LR134354.1	2568000	1000	5414
LR134354.1	2569000	1000	81883
LR134354.1	2570000	1000	98403
LR134354.1	2571000	1000	106986
LR134354.1	2572000	1000	114430
LR134354.1	2573000	1000	107142
LR134354.1	2574000	1000	108785
LR134354.1	2575000	1000	100088
LR134354.1	2576000	1000	88205
LR134354.1	2577000	1000	95139
LR134354.1	2578000	1000	105467
LR134354.1	2579000	1000	104812
LR134354.1	2580000	1000	103693
LR134354.1	2581000	1000	97355
LR134354.1	2582000	1000	99722
LR134354.1	2583000	1000	91955
LR134354.1	2584000	1000	93033
LR134354.1	2585000	1000	95824
LR134354.1	2586000	1000	98181
LR134354.1	2587000	1000	101491
LR134354.1	2588000	1000	109897
LR134354.1	2589000	1000	110041
LR134354.1	2590000	1000	108717
LR134354.1	2591000	1000	110624
LR134354.1	2592000	1000	112624
LR134354.1	2593000	1000	80616
LR134354.1	2594000	1000	56554
LR134354.1	2595000	1000	6699
LR134354.1	2596000	1000	6249
LR134354.1	2597000	1000	18296
LR134354.1	2598000	1000	34694
LR134354.1	2599000	1000	59220
LR134354.1	2600000	1000	63804
LR134354.1	2601000	1000	59079
LR134354.1	2602000	1000	0
LR134354.1	2603000	1000	0
LR134354.1	2604000	1000	0
LR134354.1	2605000	1000	0
LR134354.1	2606000	1000	0
LR134354.1	2607000	1000	0
LR134354.1	2608000	1000	0
LR134354.1	2609000	1000	0
LR134354.1	2610000	1000	0
LR134354.1	2611000	1000	0
LR134354.1	2612000	1000	0
LR134354.1	2613000	1000	0
LR134354.1	2614000	1000	0
LR134354.1	2615000	1000	0
LR134354.1	2616000	1000	0
LR134354.1	2617000	1000	0
LR134354.1	2618000	1000	0
LR134354.1	2619000	1000	0
LR134354.1	2620000	1000	0
LR134354.1	2621000	1000	0
LR134354.1	2622000	1000	0
LR134354.1	2623000	1000	0
LR134354.1	2624000	1000	0
LR134354.1	2625000	1000	0
LR134354.1	2626000	1000	0
LR134354.1	2627000	1000	0
LR134354.1	2628000	1000	0
LR134354.1	2629000	1000	0
LR134354.1	2630000	1000	0
LR134354.1	2631000	1000	0
LR134354.1	2632000	1000	0
LR134354.1	2633000	1000	0
LR134354.1	2634000	1000	0
LR134354.1	2635000	1000	0
LR134354.1	2636000	1000	0
LR134354.1	2637000	1000	52416
LR134354.1	2638000	1000	99184
LR134354.1	2639000	1000	26335
LR134354.1	2640000	1000	0
LR134354.1	2641000	1000	0
LR134354.1	2642000	1000	0
LR134354.1	2643000	1000	37732
LR134354.1	2644000	1000	63984
LR134354.1	2645000	1000	83974
LR134354.1	2646000	1000	79610
LR134354.1	2647000	1000	75848
LR134354.1	2648000	1000	12396
LR134354.1	2649000	1000	67234
LR134354.1	2650000	1000	157645
LR134354.1	2651000	1000	20590
LR134354.1	2652000	1000	0
LR134354.1	2653000	1000	0
LR134354.1	2654000	1000	662
LR134354.1	2655000	1000	9134
LR134354.1	2656000	1000	78337
LR134354.1	2657000	1000	0
LR134354.1	2658000	1000	0
LR134354.1	2659000	1000	0
LR134354.1	2660000	1000	0
LR134354.1	2661000	1000	0
LR134354.1	2662000	1000	0
LR134354.1	2663000	1000	0
LR134354.1	2664000	1000	0
LR134354.1	2665000	1000	44978
LR134354.1	2666000	1000	54675
LR134354.1	2667000	1000	0
LR134354.1	2668000	1000	5
LR134354.1	2669000	1000	65818
LR134354.1	2670000	1000	15616
LR134354.1	2671000	1000	33100
LR134354.1	2672000	1000	81016
LR134354.1	2673000	1000	84453
LR134354.1	2674000	1000	87057
LR134354.1	2675000	1000	94447
LR134354.1	2676000	1000	96048
LR134354.1	2677000	1000	108688
LR134354.1	2678000	1000	100946
LR134354.1	2679000	1000	102718
LR134354.1	2680000	1000	105863
LR134354.1	2681000	1000	103387
LR134354.1	2682000	1000	107373
LR134354.1	2683000	1000	54523
LR134354.1	2684000	1000	333
LR134354.1	2685000	1000	9309
LR134354.1	2686000	1000	2074
LR134354.1	2687000	1000	1084
LR134354.1	2688000	1000	0
LR134354.1	2689000	1000	45
LR134354.1	2690000	1000	12166
LR134354.1	2691000	1000	94498
LR134354.1	2692000	1000	95109
LR134354.1	2693000	1000	96455
LR134354.1	2694000	1000	89316
LR134354.1	2695000	1000	60621
LR134354.1	2696000	1000	0
LR134354.1	2697000	1000	653
LR134354.1	2698000	1000	15971
LR134354.1	2699000	1000	9667
LR134354.1	2700000	1000	2449
LR134354.1	2701000	1000	917
LR134354.1	2702000	1000	1023
LR134354.1	2703000	1000	1553
LR134354.1	2704000	1000	869
LR134354.1	2705000	1000	800
LR134354.1	2706000	1000	999
LR134354.1	2707000	1000	1006
LR134354.1	2708000	1000	5759
LR134354.1	2709000	1000	278
LR134354.1	2710000	1000	890
LR134354.1	2711000	1000	996
LR134354.1	2712000	1000	1293
LR134354.1	2713000	1000	1948
LR134354.1	2714000	1000	1789
LR134354.1	2715000	1000	993
LR134354.1	2716000	1000	6917
LR134354.1	2717000	1000	86073
LR134354.1	2718000	1000	92300
LR134354.1	2719000	1000	92054
LR134354.1	2720000	1000	61635
LR134354.1	2721000	1000	94922
LR134354.1	2722000	1000	89767
LR134354.1	2723000	1000	96240
LR134354.1	2724000	1000	100807
LR134354.1	2725000	1000	91480
LR134354.1	2726000	1000	70024
LR134354.1	2727000	1000	55999
LR134354.1	2728000	1000	94143
LR134354.1	2729000	1000	88636
LR134354.1	2730000	1000	95451
LR134354.1	2731000	1000	95145
LR134354.1	2732000	1000	80316
LR134354.1	2733000	1000	89912
LR134354.1	2734000	1000	86936
LR134354.1	2735000	1000	89846
LR134354.1	2736000	1000	87329
LR134354.1	2737000	1000	85252
LR134354.1	2738000	1000	76701
LR134354.1	2739000	1000	61574
LR134354.1	2740000	1000	71861
LR134354.1	2741000	1000	74532
LR134354.1	2742000	1000	88185
LR134354.1	2743000	1000	91355
LR134354.1	2744000	1000	102595
LR134354.1	2745000	1000	109626
LR134354.1	2746000	1000	112089
LR134354.1	2747000	1000	112854
LR134354.1	2748000	1000	104308
LR134354.1	2749000	1000	98208
LR134354.1	2750000	1000	94417
LR134354.1	2751000	1000	93187
LR134354.1	2752000	1000	95951
LR134354.1	2753000	1000	104578
LR134354.1	2754000	1000	110054
LR134354.1	2755000	1000	101804
LR134354.1	2756000	1000	96694
LR134354.1	2757000	1000	92281
LR134354.1	2758000	1000	84900
LR134354.1	2759000	1000	82929
LR134354.1	2760000	1000	81188
LR134354.1	2761000	1000	77980
LR134354.1	2762000	1000	76204
LR134354.1	2763000	1000	86413
LR134354.1	2764000	1000	86445
LR134354.1	2765000	1000	85736
LR134354.1	2766000	1000	96053
LR134354.1	2767000	1000	95593
LR134354.1	2768000	1000	96482
LR134354.1	2769000	1000	91108
LR134354.1	2770000	1000	113604
LR134354.1	2771000	1000	115346
LR134354.1	2772000	1000	129209
LR134354.1	2773000	1000	126552
LR134354.1	2774000	1000	132914
LR134354.1	2775000	1000	136671
LR134354.1	2776000	1000	137617
LR134354.1	2777000	1000	126610
LR134354.1	2778000	1000	113255
LR134354.1	2779000	1000	104352
LR134354.1	2780000	1000	108557
LR134354.1	2781000	1000	105611
LR134354.1	2782000	1000	108451
LR134354.1	2783000	1000	105686
LR134354.1	2784000	1000	110432
LR134354.1	2785000	1000	102553
LR134354.1	2786000	1000	73856
LR134354.1	2787000	1000	792
LR134354.1	2788000	1000	2872
LR134354.1	2789000	1000	2781
LR134354.1	2790000	1000	37123
LR134354.1	2791000	1000	95971
LR134354.1	2792000	1000	98766
LR134354.1	2793000	1000	97274
LR134354.1	2794000	1000	22540
LR134354.1	2795000	1000	18158
LR134354.1	2796000	1000	56368
LR134354.1	2797000	1000	114482
LR134354.1	2798000	1000	117062
LR134354.1	2799000	1000	106162
LR134354.1	2800000	1000	108987
LR134354.1	2801000	1000	105188
LR134354.1	2802000	1000	98061
LR134354.1	2803000	1000	88481
LR134354.1	2804000	1000	94252
LR134354.1	2805000	1000	101939
LR134354.1	2806000	1000	98295
LR134354.1	2807000	1000	87376
LR134354.1	2808000	1000	87751
LR134354.1	2809000	1000	73825
LR134354.1	2810000	1000	85639
LR134354.1	2811000	1000	98192
LR134354.1	2812000	1000	95817
LR134354.1	2813000	1000	97145
LR134354.1	2814000	1000	94711
LR134354.1	2815000	1000	97162
LR134354.1	2816000	1000	99396
LR134354.1	2817000	1000	101425
LR134354.1	2818000	1000	104574
LR134354.1	2819000	1000	101519
LR134354.1	2820000	1000	95815
LR134354.1	2821000	1000	98842
LR134354.1	2822000	1000	102390
LR134354.1	2823000	1000	114751
LR134354.1	2824000	1000	113108
LR134354.1	2825000	1000	110766
LR134354.1	2826000	1000	109432
LR134354.1	2827000	1000	103019
LR134354.1	2828000	1000	95706
LR134354.1	2829000	1000	95561
LR134354.1	2830000	1000	90596
LR134354.1	2831000	1000	90628
LR134354.1	2832000	749	72131
